"Duration (ms),Start date,End date,Start station number,Start station,End station number,End station,Bike number,Member Type"
"427387,3/31/2016 22:57,3/31/2016 23:04,31602,Park Rd & Holmead Pl NW,31207,Georgia Ave and Fairmont St NW,W20842,Registered"
"587551,3/31/2016 22:46,3/31/2016 22:56,31105,14th & Harvard St NW,31266,11th & M St NW,W21385,Registered"
"397979,3/31/2016 22:46,3/31/2016 22:53,31634,3rd & Tingey St SE,31108,4th & M St SW,W00773,Registered"
"444282,3/31/2016 22:42,3/31/2016 22:50,31200,Massachusetts Ave & Dupont Circle NW,31201,15th & P St NW,W21397,Registered"
"780875,3/31/2016 22:21,3/31/2016 22:34,31203,14th & Rhode Island Ave NW,31604,3rd & H St NW,W00213,Registered"
"1023312,3/31/2016 22:20,3/31/2016 22:37,31224,19th & L St NW,31623,Columbus Circle / Union Station,W01261,Registered"
"660699,3/31/2016 22:10,3/31/2016 22:21,31202,14th & R St NW,31200,Massachusetts Ave & Dupont Circle NW,W21341,Registered"
"1800705,3/31/2016 21:50,3/31/2016 22:20,31232,7th & F St NW / National Portrait Gallery,31273,Hains Point/Buckeye & Ohio Dr SW,W01049,Registered"
"217609,3/31/2016 21:45,3/31/2016 21:48,31265,5th St & Massachusetts Ave NW,31624,North Capitol St & F St NW,W20073,Registered"
"395528,3/31/2016 21:26,3/31/2016 21:33,31032,Washington Blvd & 7th St N,31035,N Quincy St & Glebe Rd,W00408,Registered"
"1014739,3/31/2016 21:19,3/31/2016 21:36,31263,10th & K St NW,31232,7th & F St NW / National Portrait Gallery,W21857,Casual"
"241019,3/31/2016 21:14,3/31/2016 21:18,31100,19th St & Pennsylvania Ave NW,31275,New Hampshire Ave & 24th St NW,W21054,Registered"
"6179951,3/31/2016 21:06,3/31/2016 22:49,31244,4th & E St SW,31108,4th & M St SW,W20588,Casual"
"1429748,3/31/2016 21:03,3/31/2016 21:27,31252,21st St & Pennsylvania Ave NW,31281,8th & O St NW,W00787,Registered"
"149802,3/31/2016 20:50,3/31/2016 20:52,31267,17th St & Massachusetts Ave NW,31213,17th & K St NW,W01098,Registered"
"143352,3/31/2016 20:41,3/31/2016 20:44,31613,Eastern Market Metro / Pennsylvania Ave & 7th St SE,31610,Eastern Market / 7th & North Carolina Ave SE,W21007,Registered"
"580035,3/31/2016 20:37,3/31/2016 20:46,31269,3rd St & Pennsylvania Ave SE,31607,14th & D St SE,W20175,Casual"
"299881,3/31/2016 20:28,3/31/2016 20:33,31203,14th & Rhode Island Ave NW,31245,7th & R St NW / Shaw Library,W00885,Registered"
"226975,3/31/2016 20:21,3/31/2016 20:25,31230,Metro Center / 12th & G St NW,31232,7th & F St NW / National Portrait Gallery,W01240,Registered"
"1174442,3/31/2016 20:14,3/31/2016 20:33,31205,21st & I St NW,31121,Calvert St & Woodley Pl NW,W20411,Registered"
"434175,3/31/2016 20:14,3/31/2016 20:21,31083,Potomac Greens Dr & Slaters Ln,31047,Braddock Rd Metro,W21210,Registered"
"2220940,3/31/2016 20:02,3/31/2016 20:39,31247,Jefferson Dr & 14th St SW,31202,14th & R St NW,W21341,Registered"
"381287,3/31/2016 19:53,3/31/2016 19:59,31019,Wilson Blvd & N Edgewood St,31024,Virginia Square Metro / N Monroe St & 9th St N,W21928,Registered"
"313154,3/31/2016 19:48,3/31/2016 19:53,31602,Park Rd & Holmead Pl NW,31400,Georgia & New Hampshire Ave NW,W22090,Registered"
"742736,3/31/2016 19:43,3/31/2016 19:56,31300,Van Ness Metro / UDC,31315,McKinley St & Connecticut Ave NW,W00533,Registered"
"773904,3/31/2016 19:38,3/31/2016 19:51,31228,8th & H St NW,31223,Convention Center / 7th & M St NW,W20685,Casual"
"381269,3/31/2016 19:30,3/31/2016 19:36,31614,11th & H St NE,31623,Columbus Circle / Union Station,W00382,Registered"
"1216338,3/31/2016 19:21,3/31/2016 19:41,31222,New York Ave & 15th St NW,31618,4th & East Capitol St NE,W21108,Registered"
"309780,3/31/2016 19:20,3/31/2016 19:25,31023,Fairfax Dr & Wilson Blvd,31050,Barton St & 10th St N,W00360,Registered"
"1518098,3/31/2016 19:16,3/31/2016 19:42,31247,Jefferson Dr & 14th St SW,31241,Thomas Circle,W21157,Casual"
"721349,3/31/2016 19:05,3/31/2016 19:17,31639,2nd & G St NE,31613,Eastern Market Metro / Pennsylvania Ave & 7th St SE,W22185,Registered"
"2160938,3/31/2016 18:53,3/31/2016 19:29,31637,North Capitol St & G Pl NE,31239,17th & Rhode Island Ave NW,W00381,Casual"
"890090,3/31/2016 18:47,3/31/2016 19:02,31282,16th & R St NW,31312,Wisconsin Ave & O St NW,W22080,Registered"
"1025312,3/31/2016 18:42,3/31/2016 18:59,31611,13th & H St NE,31503,Florida Ave & R St NW,W20136,Registered"
"5470023,3/31/2016 18:41,3/31/2016 20:12,31228,8th & H St NW,31201,15th & P St NW,W21596,Registered"
"328937,3/31/2016 18:36,3/31/2016 18:41,32048,Bethesda Metro,32008,Cordell & Norfolk Ave,W21103,Registered"
"489396,3/31/2016 18:31,3/31/2016 18:39,31205,21st & I St NW,31215,Georgetown Harbor / 30th St NW,W21281,Registered"
"429453,3/31/2016 18:31,3/31/2016 18:38,31265,5th St & Massachusetts Ave NW,31627,M St & Delaware Ave NE,W20588,Registered"
"314232,3/31/2016 18:23,3/31/2016 18:29,31213,17th & K St NW,31216,14th St & New York Ave NW,W20319,Registered"
"1060039,3/31/2016 18:21,3/31/2016 18:39,31257,22nd & I St NW / Foggy Bottom,31265,5th St & Massachusetts Ave NW,W21431,Registered"
"794048,3/31/2016 18:20,3/31/2016 18:33,31621,4th & D St NW / Judiciary Square,31622,13th & D St NE,W20406,Casual"
"1109900,3/31/2016 18:17,3/31/2016 18:36,31620,5th & F St NW,31203,14th & Rhode Island Ave NW,W22244,Registered"
"1393904,3/31/2016 18:17,3/31/2016 18:41,31212,21st & M St NW,31639,2nd & G St NE,W21488,Registered"
"839556,3/31/2016 18:14,3/31/2016 18:28,31002,20th & Crystal Dr,31010,S Glebe & Potomac Ave,W00164,Registered"
"777765,3/31/2016 18:10,3/31/2016 18:23,31201,15th & P St NW,31102,11th & Kenyon St NW,W00478,Registered"
"729889,3/31/2016 18:09,3/31/2016 18:21,31279,19th & G St NW,31264,6th St & Indiana Ave NW,W22157,Registered"
"1070807,3/31/2016 18:05,3/31/2016 18:22,31227,13th St & New York Ave NW,31611,13th & H St NE,W21313,Registered"
"1187574,3/31/2016 18:05,3/31/2016 18:25,31252,21st St & Pennsylvania Ave NW,31600,5th & K St NW,W21981,Registered"
"456361,3/31/2016 18:01,3/31/2016 18:09,31214,17th & Corcoran St NW,31101,14th & V St NW,W20724,Registered"
"746363,3/31/2016 18:01,3/31/2016 18:14,31633,Independence Ave & L'Enfant Plaza SW/DOE,31631,8th & F St NE,W20331,Registered"
"216656,3/31/2016 18:02,3/31/2016 18:05,31602,Park Rd & Holmead Pl NW,31401,14th St & Spring Rd NW,W22248,Registered"
"946729,3/31/2016 17:56,3/31/2016 18:11,31275,New Hampshire Ave & 24th St NW,31268,12th & U St NW,W21730,Registered"
"1383997,3/31/2016 17:50,3/31/2016 18:13,31243,Maryland & Independence Ave SW,31200,Massachusetts Ave & Dupont Circle NW,W01440,Casual"
"1222512,3/31/2016 17:47,3/31/2016 18:07,31247,Jefferson Dr & 14th St SW,31071,Long Bridge Park/Long Bridge Dr & 6th St S,W20055,Registered"
"624871,3/31/2016 17:46,3/31/2016 17:56,31204,20th & E St NW,31240,Ohio Dr & West Basin Dr SW / MLK & FDR Memorials,W22236,Registered"
"885627,3/31/2016 17:46,3/31/2016 18:01,31226,34th St & Wisconsin Ave NW,31201,15th & P St NW,W00894,Registered"
"812958,3/31/2016 17:45,3/31/2016 17:58,31200,Massachusetts Ave & Dupont Circle NW,31111,10th & U St NW,W21763,Registered"
"1220091,3/31/2016 17:45,3/31/2016 18:06,31276,15th & L St NW,31517,Union Market/6th St & Neal Pl NE,W21360,Registered"
"1471391,3/31/2016 17:44,3/31/2016 18:08,31204,20th & E St NW,31624,North Capitol St & F St NW,W21514,Registered"
"2769236,3/31/2016 17:43,3/31/2016 18:29,31314,34th & Water St NW,31277,17th & G St NW,W01068,Casual"
"822347,3/31/2016 17:42,3/31/2016 17:56,31048,King St Metro South,31041,Prince St & Union St,W01245,Registered"
"376296,3/31/2016 17:39,3/31/2016 17:45,31253,19th & K St NW,31275,New Hampshire Ave & 24th St NW,W21413,Registered"
"1158586,3/31/2016 17:37,3/31/2016 17:57,31078,Arlington Blvd & S George Mason Dr/NFATC,31016,Clarendon Blvd & Pierce St,W20235,Registered"
"345220,3/31/2016 17:36,3/31/2016 17:42,31009,27th & Crystal Dr,31007,Crystal City Metro / 18th & Bell St,W20625,Registered"
"527615,3/31/2016 17:35,3/31/2016 17:44,31610,Eastern Market / 7th & North Carolina Ave SE,31606,Potomac & Pennsylvania Ave SE,W21956,Registered"
"1197792,3/31/2016 17:35,3/31/2016 17:55,31212,21st & M St NW,31602,Park Rd & Holmead Pl NW,W22095,Registered"
"1370206,3/31/2016 17:34,3/31/2016 17:57,31102,11th & Kenyon St NW,31270,8th & D St NW,W00805,Registered"
"357406,3/31/2016 17:30,3/31/2016 17:36,32010,Philadelphia & Maple Ave,31408,Takoma Metro,W20131,Registered"
"761609,3/31/2016 17:28,3/31/2016 17:41,31212,21st & M St NW,31228,8th & H St NW,W20972,Registered"
"305000,3/31/2016 17:27,3/31/2016 17:32,31623,Columbus Circle / Union Station,31614,11th & H St NE,W21773,Registered"
"761611,3/31/2016 17:20,3/31/2016 17:33,31251,12th & L St NW,31509,New Jersey Ave & R St NW,W01009,Registered"
"879138,3/31/2016 17:20,3/31/2016 17:35,31227,13th St & New York Ave NW,31278,18th & R St NW,W01354,Registered"
"759362,3/31/2016 17:19,3/31/2016 17:31,31217,USDA / 12th & Independence Ave SW,31623,Columbus Circle / Union Station,W20845,Registered"
"318701,3/31/2016 17:19,3/31/2016 17:25,31257,22nd & I St NW / Foggy Bottom,31200,Massachusetts Ave & Dupont Circle NW,W20289,Registered"
"527029,3/31/2016 17:09,3/31/2016 17:18,31003,15th & Crystal Dr,31010,S Glebe & Potomac Ave,W22113,Registered"
"734754,3/31/2016 17:03,3/31/2016 17:16,31235,19th St & Constitution Ave NW,31633,Independence Ave & L'Enfant Plaza SW/DOE,W00355,Registered"
"573094,3/31/2016 16:59,3/31/2016 17:08,31115,Columbia Rd & Georgia Ave NW,31229,New Hampshire Ave & T St NW,W00674,Registered"
"1022507,3/31/2016 16:59,3/31/2016 17:16,31277,17th & G St NW,31219,10th St & Constitution Ave NW,W20012,Casual"
"1634258,3/31/2016 16:55,3/31/2016 17:22,31272,Washington & Independence Ave SW/HHS,31262,11th & F St NW,W00885,Casual"
"72850,3/31/2016 16:50,3/31/2016 16:51,31237,25th St & Pennsylvania Ave NW,31246,M St & Pennsylvania Ave NW,W20031,Registered"
"746240,3/31/2016 16:49,3/31/2016 17:02,31215,Georgetown Harbor / 30th St NW,31236,37th & O St NW / Georgetown University,W01464,Registered"
"817508,3/31/2016 16:44,3/31/2016 16:58,31503,Florida Ave & R St NW,31274,MLK Library/9th & G St NW,W21034,Registered"
"339092,3/31/2016 16:43,3/31/2016 16:48,31021,Clarendon Blvd & N Fillmore St,31024,Virginia Square Metro / N Monroe St & 9th St N,W01151,Registered"
"642494,3/31/2016 16:41,3/31/2016 16:52,31267,17th St & Massachusetts Ave NW,31109,7th & T St NW,W21153,Registered"
"486982,3/31/2016 16:34,3/31/2016 16:42,31014,Lynn & 19th St North,31225,C & O Canal & Wisconsin Ave NW,W20307,Registered"
"1685211,3/31/2016 16:15,3/31/2016 16:43,31077,Iwo Jima Memorial/N Meade & 14th St N,31625,3rd & G St SE,W00574,Registered"
"355028,3/31/2016 16:12,3/31/2016 16:18,31241,Thomas Circle,31213,17th & K St NW,W00466,Registered"
"1860192,3/31/2016 16:10,3/31/2016 16:41,31230,Metro Center / 12th & G St NW,31235,19th St & Constitution Ave NW,W21708,Casual"
"680348,3/31/2016 16:10,3/31/2016 16:21,31259,20th St & Virginia Ave NW,31259,20th St & Virginia Ave NW,W01261,Casual"
"434510,3/31/2016 16:08,3/31/2016 16:15,31246,M St & Pennsylvania Ave NW,31200,Massachusetts Ave & Dupont Circle NW,W00157,Registered"
"762543,3/31/2016 15:59,3/31/2016 16:12,31225,C & O Canal & Wisconsin Ave NW,31225,C & O Canal & Wisconsin Ave NW,W20210,Casual"
"432781,3/31/2016 15:58,3/31/2016 16:05,31122,16th & Irving St NW,31121,Calvert St & Woodley Pl NW,W01420,Registered"
"499849,3/31/2016 15:56,3/31/2016 16:05,31239,17th & Rhode Island Ave NW,31266,11th & M St NW,W20910,Registered"
"599456,3/31/2016 15:55,3/31/2016 16:05,32023,Montgomery College/W Campus Dr & Mannakee St,32047,Rockville Metro West,W01184,Registered"
"374895,3/31/2016 15:53,3/31/2016 15:59,31220,US Dept of State / Virginia Ave & 21st St NW,31219,10th St & Constitution Ave NW,W22157,Registered"
"562754,3/31/2016 15:49,3/31/2016 15:58,31089,Court House Metro / 15th & N Uhle St ,31073,Washington Blvd & Walter Reed Dr ,W00687,Registered"
"375173,3/31/2016 15:45,3/31/2016 15:51,31226,34th St & Wisconsin Ave NW,31236,37th & O St NW / Georgetown University,W21074,Registered"
"264242,3/31/2016 15:42,3/31/2016 15:46,31271,Constitution Ave & 2nd St NW/DOL,31218,L'Enfant Plaza / 7th & C St SW,W20842,Registered"
"3089713,3/31/2016 15:33,3/31/2016 16:24,31212,21st & M St NW,31212,21st & M St NW,W20894,Casual"
"177780,3/31/2016 15:29,3/31/2016 15:32,31613,Eastern Market Metro / Pennsylvania Ave & 7th St SE,31269,3rd St & Pennsylvania Ave SE,W21695,Registered"
"754931,3/31/2016 15:10,3/31/2016 15:23,31506,1st & Rhode Island Ave NW,31203,14th & Rhode Island Ave NW,W21223,Registered"
"1266874,3/31/2016 15:11,3/31/2016 15:32,31254,15th & K St NW,31104,Adams Mill & Columbia Rd NW,W20378,Registered"
"4462613,3/31/2016 14:57,3/31/2016 16:11,31240,Ohio Dr & West Basin Dr SW / MLK & FDR Memorials,31240,Ohio Dr & West Basin Dr SW / MLK & FDR Memorials,W00142,Casual"
"209415,3/31/2016 14:57,3/31/2016 15:01,31269,3rd St & Pennsylvania Ave SE,31613,Eastern Market Metro / Pennsylvania Ave & 7th St SE,W00820,Registered"
"1735373,3/31/2016 14:56,3/31/2016 15:25,31240,Ohio Dr & West Basin Dr SW / MLK & FDR Memorials,31258,Lincoln Memorial,W20768,Registered"
"303038,3/31/2016 14:50,3/31/2016 14:55,31201,15th & P St NW,31101,14th & V St NW,W22139,Registered"
"5878683,3/31/2016 14:40,3/31/2016 16:18,31308,39th & Veazey St NW,31313,Connecticut Ave & Tilden St NW,W21282,Registered"
"829240,3/31/2016 14:39,3/31/2016 14:53,31121,Calvert St & Woodley Pl NW,31312,Wisconsin Ave & O St NW,W20760,Registered"
"273972,3/31/2016 14:37,3/31/2016 14:41,31237,25th St & Pennsylvania Ave NW,31225,C & O Canal & Wisconsin Ave NW,W01121,Registered"
"425845,3/31/2016 14:28,3/31/2016 14:35,31104,Adams Mill & Columbia Rd NW,31110,20th St & Florida Ave NW,W22151,Registered"
"7598578,3/31/2016 14:15,3/31/2016 16:22,31277,17th & G St NW,31206,19th & E Street NW,W21729,Casual"
"276639,3/31/2016 14:09,3/31/2016 14:13,31259,20th St & Virginia Ave NW,31253,19th & K St NW,W21180,Registered"
"461321,3/31/2016 14:02,3/31/2016 14:10,31603,1st & M St NE,31508,Gallaudet / 8th St & Florida Ave NE,W22191,Casual"
"409711,3/31/2016 14:02,3/31/2016 14:09,31254,15th & K St NW,31252,21st St & Pennsylvania Ave NW,W00354,Registered"
"1424625,3/31/2016 13:58,3/31/2016 14:22,31236,37th & O St NW / Georgetown University,31212,21st & M St NW,W00642,Casual"
"902735,3/31/2016 13:52,3/31/2016 14:08,31109,7th & T St NW,31246,M St & Pennsylvania Ave NW,W01409,Registered"
"885959,3/31/2016 13:50,3/31/2016 14:04,31305,Connecticut Ave & Newark St NW / Cleveland Park,31302,Wisconsin Ave & Newark St NW,W00434,Registered"
"1238049,3/31/2016 13:39,3/31/2016 14:00,31279,19th & G St NW,31509,New Jersey Ave & R St NW,W00980,Registered"
"527943,3/31/2016 13:38,3/31/2016 13:47,31603,1st & M St NE,31600,5th & K St NW,W00162,Registered"
"9972356,3/31/2016 13:38,3/31/2016 16:24,31247,Jefferson Dr & 14th St SW,31247,Jefferson Dr & 14th St SW,W00359,Casual"
"2494161,3/31/2016 13:37,3/31/2016 14:19,31261,21st St & Constitution Ave NW,31237,25th St & Pennsylvania Ave NW,W00015,Casual"
"1964200,3/31/2016 13:34,3/31/2016 14:07,31249,Jefferson Memorial,31243,Maryland & Independence Ave SW,W20491,Casual"
"735521,3/31/2016 13:28,3/31/2016 13:40,31115,Columbia Rd & Georgia Ave NW,31281,8th & O St NW,W00057,Registered"
"602412,3/31/2016 13:04,3/31/2016 13:14,31234,20th & O St NW / Dupont South,31276,15th & L St NW,W00181,Registered"
"259337,3/31/2016 12:57,3/31/2016 13:02,31201,15th & P St NW,31200,Massachusetts Ave & Dupont Circle NW,W20106,Registered"
"457589,3/31/2016 12:57,3/31/2016 13:05,31121,Calvert St & Woodley Pl NW,31305,Connecticut Ave & Newark St NW / Cleveland Park,W00734,Registered"
"335333,3/31/2016 12:53,3/31/2016 12:59,31242,18th St & Pennsylvania Ave NW,31252,21st St & Pennsylvania Ave NW,W21941,Registered"
"764124,3/31/2016 12:54,3/31/2016 13:06,31281,8th & O St NW,31270,8th & D St NW,W00609,Registered"
"1051871,3/31/2016 12:50,3/31/2016 13:07,31260,23rd & E St NW ,31623,Columbus Circle / Union Station,W21029,Registered"
"657478,3/31/2016 12:47,3/31/2016 12:58,31624,North Capitol St & F St NW,31625,3rd & G St SE,W00615,Registered"
"10220190,3/31/2016 12:43,3/31/2016 15:33,31262,11th & F St NW,31274,MLK Library/9th & G St NW,W00032,Casual"
"9046194,3/31/2016 12:41,3/31/2016 15:12,31213,17th & K St NW,31243,Maryland & Independence Ave SW,W20791,Casual"
"503614,3/31/2016 12:40,3/31/2016 12:48,31227,13th St & New York Ave NW,31281,8th & O St NW,W00194,Casual"
"1233299,3/31/2016 12:39,3/31/2016 12:59,31243,Maryland & Independence Ave SW,31201,15th & P St NW,W00252,Registered"
"1207003,3/31/2016 12:39,3/31/2016 12:59,31043,Saint Asaph St & Pendleton  St,31009,27th & Crystal Dr,W21618,Registered"
"156413,3/31/2016 12:32,3/31/2016 12:34,31257,22nd & I St NW / Foggy Bottom,31212,21st & M St NW,W01465,Registered"
"7595355,3/31/2016 12:20,3/31/2016 14:26,32003,Montgomery Ave & Waverly St ,31224,19th & L St NW,W21343,Casual"
"1273477,3/31/2016 12:20,3/31/2016 12:41,31006,S Joyce & Army Navy Dr,31010,S Glebe & Potomac Ave,W21691,Registered"
"2321574,3/31/2016 12:09,3/31/2016 12:47,31249,Jefferson Memorial,31247,Jefferson Dr & 14th St SW,W21667,Casual"
"365921,3/31/2016 11:58,3/31/2016 12:04,31233,17th & K St NW / Farragut Square,31201,15th & P St NW,W20629,Registered"
"1441554,3/31/2016 11:58,3/31/2016 12:22,31258,Lincoln Memorial,31609,6th & Water St SW / SW Waterfront,W01133,Casual"
"529241,3/31/2016 11:53,3/31/2016 12:01,31627,M St & Delaware Ave NE,31269,3rd St & Pennsylvania Ave SE,W22204,Registered"
"191520,3/31/2016 11:47,3/31/2016 11:51,31109,7th & T St NW,31268,12th & U St NW,W22053,Registered"
"1720405,3/31/2016 11:37,3/31/2016 12:06,31306,39th & Calvert St NW / Stoddert,31200,Massachusetts Ave & Dupont Circle NW,W21113,Casual"
"992560,3/31/2016 11:17,3/31/2016 11:34,31638,1st & H St NW,31282,16th & R St NW,W20042,Registered"
"6238938,3/31/2016 11:06,3/31/2016 12:50,31247,Jefferson Dr & 14th St SW,31247,Jefferson Dr & 14th St SW,W00346,Casual"
"1002375,3/31/2016 11:05,3/31/2016 11:22,31623,Columbus Circle / Union Station,31238,14th & G St NW,W20465,Casual"
"360899,3/31/2016 11:00,3/31/2016 11:06,31607,14th & D St SE,31610,Eastern Market / 7th & North Carolina Ave SE,W22075,Registered"
"2037362,3/31/2016 11:01,3/31/2016 11:35,31200,Massachusetts Ave & Dupont Circle NW,31228,8th & H St NW,W21140,Registered"
"131100,3/31/2016 10:59,3/31/2016 11:01,31228,8th & H St NW,31265,5th St & Massachusetts Ave NW,W21954,Registered"
"599922,3/31/2016 10:58,3/31/2016 11:08,31230,Metro Center / 12th & G St NW,31252,21st St & Pennsylvania Ave NW,W01097,Registered"
"645427,3/31/2016 10:57,3/31/2016 11:08,31217,USDA / 12th & Independence Ave SW,31272,Washington & Independence Ave SW/HHS,W00012,Casual"
"406626,3/31/2016 10:52,3/31/2016 10:59,31217,USDA / 12th & Independence Ave SW,31270,8th & D St NW,W01003,Registered"
"357000,3/31/2016 10:37,3/31/2016 10:43,31206,19th & E Street NW,31224,19th & L St NW,W21834,Registered"
"334791,3/31/2016 10:37,3/31/2016 10:42,31614,11th & H St NE,31623,Columbus Circle / Union Station,W21773,Registered"
"177225,3/31/2016 10:22,3/31/2016 10:24,31228,8th & H St NW,31265,5th St & Massachusetts Ave NW,W22232,Registered"
"2539261,3/31/2016 10:19,3/31/2016 11:02,31247,Jefferson Dr & 14th St SW,31618,4th & East Capitol St NE,W20592,Casual"
"394407,3/31/2016 10:16,3/31/2016 10:23,31107,Lamont & Mt Pleasant NW,31229,New Hampshire Ave & T St NW,W20940,Registered"
"1218127,3/31/2016 10:13,3/31/2016 10:33,31508,Gallaudet / 8th St & Florida Ave NE,31623,Columbus Circle / Union Station,W20895,Registered"
"1443823,3/31/2016 10:06,3/31/2016 10:30,31229,New Hampshire Ave & T St NW,31633,Independence Ave & L'Enfant Plaza SW/DOE,W22147,Casual"
"1841847,3/31/2016 10:05,3/31/2016 10:36,31624,North Capitol St & F St NW,31247,Jefferson Dr & 14th St SW,W00248,Casual"
"215494,3/31/2016 9:53,3/31/2016 9:56,31632,15th & F St NE,31611,13th & H St NE,W20750,Registered"
"201959,3/31/2016 9:52,3/31/2016 9:55,31623,Columbus Circle / Union Station,31615,6th & H St NE,W20842,Registered"
"796766,3/31/2016 9:48,3/31/2016 10:01,31237,25th St & Pennsylvania Ave NW,31236,37th & O St NW / Georgetown University,W00390,Casual"
"7448565,3/31/2016 9:44,3/31/2016 11:48,31248,Smithsonian / Jefferson Dr & 12th St SW,31248,Smithsonian / Jefferson Dr & 12th St SW,W00710,Casual"
"1056599,3/31/2016 9:43,3/31/2016 10:01,31014,Lynn & 19th St North,31220,US Dept of State / Virginia Ave & 21st St NW,W01006,Registered"
"155114,3/31/2016 9:30,3/31/2016 9:32,31025,Central Library / N Quincy St & 10th St N,31024,Virginia Square Metro / N Monroe St & 9th St N,W20668,Registered"
"1369578,3/31/2016 9:18,3/31/2016 9:41,31248,Smithsonian / Jefferson Dr & 12th St SW,31258,Lincoln Memorial,W21416,Casual"
"3504190,3/31/2016 9:16,3/31/2016 10:14,31256,10th & E St NW,31623,Columbus Circle / Union Station,W00599,Casual"
"213148,3/31/2016 9:07,3/31/2016 9:11,31025,Central Library / N Quincy St & 10th St N,31037,Ballston Metro / N Stuart & 9th St N,W00687,Registered"
"854215,3/31/2016 9:01,3/31/2016 9:15,31622,13th & D St NE,31603,1st & M St NE,W00783,Registered"
"1663168,3/31/2016 8:55,3/31/2016 9:23,31222,New York Ave & 15th St NW,31256,10th & E St NW,W20884,Casual"
"1139087,3/31/2016 8:52,3/31/2016 9:11,31516,Rhode Island Ave Metro,31241,Thomas Circle,W20488,Registered"
"1070290,3/31/2016 8:50,3/31/2016 9:08,31265,5th St & Massachusetts Ave NW,31267,17th St & Massachusetts Ave NW,W22037,Registered"
"406070,3/31/2016 8:49,3/31/2016 8:56,31229,New Hampshire Ave & T St NW,31221,18th & M St NW,W20512,Registered"
"1009447,3/31/2016 8:47,3/31/2016 9:03,31624,North Capitol St & F St NW,31208,M St & New Jersey Ave SE,W20820,Casual"
"478148,3/31/2016 8:45,3/31/2016 8:53,31610,Eastern Market / 7th & North Carolina Ave SE,31623,Columbus Circle / Union Station,W01164,Registered"
"1534657,3/31/2016 8:36,3/31/2016 9:01,31619,Lincoln Park / 13th & East Capitol St NE ,31279,19th & G St NW,W00554,Registered"
"319015,3/31/2016 8:35,3/31/2016 8:40,31616,3rd & H St NE,31627,M St & Delaware Ave NE,W00021,Registered"
"834575,3/31/2016 8:32,3/31/2016 8:46,31205,21st & I St NW,31272,Washington & Independence Ave SW/HHS,W00193,Registered"
"159221,3/31/2016 8:28,3/31/2016 8:31,31511,12th & Irving St NE,31504,10th & Monroe St NE,W20703,Registered"
"596296,3/31/2016 8:28,3/31/2016 8:38,31218,L'Enfant Plaza / 7th & C St SW,31230,Metro Center / 12th & G St NW,W01404,Registered"
"587514,3/31/2016 8:26,3/31/2016 8:36,31278,18th & R St NW,31100,19th St & Pennsylvania Ave NW,W21167,Registered"
"229284,3/31/2016 8:25,3/31/2016 8:29,31204,20th & E St NW,31252,21st St & Pennsylvania Ave NW,W21535,Registered"
"1454626,3/31/2016 8:23,3/31/2016 8:47,31640,Maryland Ave & E St NE,31238,14th & G St NW,W21359,Casual"
"971983,3/31/2016 8:17,3/31/2016 8:33,31080,Lee Hwy & N Scott St,31246,M St & Pennsylvania Ave NW,W01168,Registered"
"647934,3/31/2016 8:15,3/31/2016 8:25,31121,Calvert St & Woodley Pl NW,31239,17th & Rhode Island Ave NW,W22147,Registered"
"836260,3/31/2016 8:14,3/31/2016 8:27,31249,Jefferson Memorial,31233,17th & K St NW / Farragut Square,W00742,Registered"
"1309437,3/31/2016 8:11,3/31/2016 8:33,31630,15th & East Capitol St NE,31222,New York Ave & 15th St NW,W00426,Registered"
"307999,3/31/2016 8:10,3/31/2016 8:15,31624,North Capitol St & F St NW,31271,Constitution Ave & 2nd St NW/DOL,W20172,Registered"
"1615725,3/31/2016 8:08,3/31/2016 8:35,31014,Lynn & 19th St North,31002,20th & Crystal Dr,W01339,Casual"
"194285,3/31/2016 8:05,3/31/2016 8:08,31119,14th & Belmont St NW,31268,12th & U St NW,W21047,Registered"
"1533306,3/31/2016 8:03,3/31/2016 8:28,31610,Eastern Market / 7th & North Carolina Ave SE,31242,18th St & Pennsylvania Ave NW,W22065,Registered"
"1117627,3/31/2016 7:59,3/31/2016 8:17,31306,39th & Calvert St NW / Stoddert,31239,17th & Rhode Island Ave NW,W00128,Registered"
"629656,3/31/2016 7:54,3/31/2016 8:05,31243,Maryland & Independence Ave SW,31615,6th & H St NE,W00664,Casual"
"627952,3/31/2016 7:51,3/31/2016 8:01,31612,D St & Maryland Ave NE,31634,3rd & Tingey St SE,W21578,Registered"
"291092,3/31/2016 7:50,3/31/2016 7:54,31278,18th & R St NW,31252,21st St & Pennsylvania Ave NW,W21594,Registered"
"3702236,3/31/2016 7:48,3/31/2016 8:50,31015,Rosslyn Metro / Wilson Blvd & Ft Myer Dr,31264,6th St & Indiana Ave NW,W22227,Casual"
"886333,3/31/2016 7:47,3/31/2016 8:02,31607,14th & D St SE,31638,1st & H St NW,W21030,Registered"
"1580574,3/31/2016 7:42,3/31/2016 8:08,31007,Crystal City Metro / 18th & Bell St,31621,4th & D St NW / Judiciary Square,W20716,Registered"
"757475,3/31/2016 7:41,3/31/2016 7:54,31272,Washington & Independence Ave SW/HHS,31603,1st & M St NE,W21339,Registered"
"727570,3/31/2016 7:40,3/31/2016 7:52,31241,Thomas Circle,31272,Washington & Independence Ave SW/HHS,W20183,Registered"
"103240,3/31/2016 7:39,3/31/2016 7:41,31639,2nd & G St NE,31623,Columbus Circle / Union Station,W00672,Registered"
"666000,3/31/2016 7:38,3/31/2016 7:49,31114,18th St & Wyoming Ave NW,31254,15th & K St NW,W20209,Registered"
"543605,3/31/2016 7:36,3/31/2016 7:45,31201,15th & P St NW,31109,7th & T St NW,W20532,Registered"
"848899,3/31/2016 7:33,3/31/2016 7:47,31506,1st & Rhode Island Ave NW,31620,5th & F St NW,W21945,Registered"
"1016580,3/31/2016 7:33,3/31/2016 7:50,31231,14th & D St NW / Ronald Reagan Building,31616,3rd & H St NE,W22055,Registered"
"991641,3/31/2016 7:29,3/31/2016 7:45,31031,15th & N Scott St,31260,23rd & E St NW ,W20410,Registered"
"252892,3/31/2016 7:22,3/31/2016 7:26,31254,15th & K St NW,31277,17th & G St NW,W00353,Registered"
"316372,3/31/2016 7:21,3/31/2016 7:27,31217,USDA / 12th & Independence Ave SW,31244,4th & E St SW,W21220,Registered"
"1188554,3/31/2016 7:10,3/31/2016 7:30,31505,Eckington Pl & Q St NE,31279,19th & G St NW,W01112,Registered"
"1808289,3/31/2016 7:09,3/31/2016 7:39,31403,5th & Kennedy St NW,31603,1st & M St NE,W21559,Registered"
"644966,3/31/2016 6:43,3/31/2016 6:54,31218,L'Enfant Plaza / 7th & C St SW,31637,North Capitol St & G Pl NE,W21860,Registered"
"785013,3/31/2016 6:36,3/31/2016 6:49,31629,8th & East Capitol St NE,31247,Jefferson Dr & 14th St SW,W00586,Registered"
"149585,3/31/2016 6:34,3/31/2016 6:36,31605,3rd & D St SE,31610,Eastern Market / 7th & North Carolina Ave SE,W20918,Registered"
"977933,3/31/2016 6:33,3/31/2016 6:49,31270,8th & D St NW,31619,Lincoln Park / 13th & East Capitol St NE ,W21362,Registered"
"649015,3/31/2016 6:32,3/31/2016 6:43,31113,Columbia Rd & Belmont St NW,31252,21st St & Pennsylvania Ave NW,W00770,Registered"
"1778557,3/31/2016 6:29,3/31/2016 6:58,31305,Connecticut Ave & Newark St NW / Cleveland Park,31232,7th & F St NW / National Portrait Gallery,W20506,Registered"
"896443,3/31/2016 6:18,3/31/2016 6:33,31623,Columbus Circle / Union Station,31635,Potomac Ave & 8th St SE,W21695,Registered"
"850370,3/31/2016 5:57,3/31/2016 6:11,31400,Georgia & New Hampshire Ave NW,31202,14th & R St NW,W21508,Registered"
"452592,3/31/2016 5:55,3/31/2016 6:03,31600,5th & K St NW,31623,Columbus Circle / Union Station,W22218,Registered"
"528058,3/31/2016 5:44,3/31/2016 5:53,31281,8th & O St NW,31200,Massachusetts Ave & Dupont Circle NW,W20594,Registered"
"504818,3/31/2016 1:40,3/31/2016 1:48,31212,21st & M St NW,31251,12th & L St NW,W00253,Registered"
"1003719,3/31/2016 0:20,3/31/2016 0:36,31215,Georgetown Harbor / 30th St NW,31263,10th & K St NW,W22049,Registered"
"548466,3/30/2016 23:25,3/30/2016 23:34,31274,MLK Library/9th & G St NW,31624,North Capitol St & F St NW,W00731,Casual"
"61285,3/30/2016 23:06,3/30/2016 23:07,31254,15th & K St NW,31254,15th & K St NW,W22230,Registered"
"478835,3/30/2016 23:05,3/30/2016 23:13,31251,12th & L St NW,31268,12th & U St NW,W20794,Casual"
"553547,3/30/2016 22:58,3/30/2016 23:07,31111,10th & U St NW,31282,16th & R St NW,W21834,Registered"
"356192,3/30/2016 22:53,3/30/2016 22:59,31116,California St & Florida Ave NW,31280,11th & S St NW,W21413,Registered"
"483098,3/30/2016 22:09,3/30/2016 22:17,31282,16th & R St NW,31122,16th & Irving St NW,W20829,Registered"
"245091,3/30/2016 22:06,3/30/2016 22:10,31229,New Hampshire Ave & T St NW,31280,11th & S St NW,W01308,Registered"
"621628,3/30/2016 21:57,3/30/2016 22:07,31246,M St & Pennsylvania Ave NW,31278,18th & R St NW,W21920,Registered"
"904710,3/30/2016 21:55,3/30/2016 22:10,31268,12th & U St NW,31312,Wisconsin Ave & O St NW,W20867,Registered"
"304283,3/30/2016 21:51,3/30/2016 21:56,31047,Braddock Rd Metro,31097,Saint Asaph & Madison St,W01499,Registered"
"132907,3/30/2016 21:36,3/30/2016 21:38,31117,15th & Euclid St  NW,31103,16th & Harvard St NW,W21948,Registered"
"1027268,3/30/2016 21:36,3/30/2016 21:54,31246,M St & Pennsylvania Ave NW,31106,Calvert & Biltmore St NW,W01318,Registered"
"402226,3/30/2016 21:35,3/30/2016 21:42,31121,Calvert St & Woodley Pl NW,31114,18th St & Wyoming Ave NW,W21154,Registered"
"198246,3/30/2016 21:24,3/30/2016 21:28,31017,Wilson Blvd & N Uhle St,31029,N Veitch  & 20th St N,W01044,Registered"
"361841,3/30/2016 21:13,3/30/2016 21:19,31312,Wisconsin Ave & O St NW,31200,Massachusetts Ave & Dupont Circle NW,W21328,Registered"
"383992,3/30/2016 20:56,3/30/2016 21:02,31241,Thomas Circle,31238,14th & G St NW,W21848,Registered"
"437200,3/30/2016 20:47,3/30/2016 20:54,31207,Georgia Ave and Fairmont St NW,31103,16th & Harvard St NW,W20527,Registered"
"814374,3/30/2016 20:46,3/30/2016 20:59,31305,Connecticut Ave & Newark St NW / Cleveland Park,31105,14th & Harvard St NW,W21498,Registered"
"490069,3/30/2016 20:41,3/30/2016 20:49,31104,Adams Mill & Columbia Rd NW,31221,18th & M St NW,W01036,Registered"
"485759,3/30/2016 20:33,3/30/2016 20:41,31109,7th & T St NW,31203,14th & Rhode Island Ave NW,W21613,Registered"
"502885,3/30/2016 20:29,3/30/2016 20:37,31403,5th & Kennedy St NW,31400,Georgia & New Hampshire Ave NW,W00089,Registered"
"596218,3/30/2016 20:26,3/30/2016 20:36,31100,19th St & Pennsylvania Ave NW,31600,5th & K St NW,W20307,Registered"
"272987,3/30/2016 20:23,3/30/2016 20:28,31007,Crystal City Metro / 18th & Bell St,31009,27th & Crystal Dr,W20140,Registered"
"1188526,3/30/2016 20:21,3/30/2016 20:40,31258,Lincoln Memorial,31217,USDA / 12th & Independence Ave SW,W00065,Casual"
"1037019,3/30/2016 20:17,3/30/2016 20:35,31274,MLK Library/9th & G St NW,31602,Park Rd & Holmead Pl NW,W20637,Registered"
"3250618,3/30/2016 20:15,3/30/2016 21:09,31012,26th & S Clark St,31011,23rd & Crystal Dr,W00060,Registered"
"172376,3/30/2016 20:03,3/30/2016 20:06,31628,1st & K St SE,31625,3rd & G St SE,W00886,Registered"
"413364,3/30/2016 19:57,3/30/2016 20:04,31517,Union Market/6th St & Neal Pl NE,31636,New Jersey Ave & N St NW/Dunbar HS,W00595,Registered"
"465476,3/30/2016 19:56,3/30/2016 20:04,31219,10th St & Constitution Ave NW,31244,4th & E St SW,W20071,Registered"
"453580,3/30/2016 19:50,3/30/2016 19:58,31203,14th & Rhode Island Ave NW,31238,14th & G St NW,W00057,Registered"
"334604,3/30/2016 19:43,3/30/2016 19:49,31222,New York Ave & 15th St NW,31257,22nd & I St NW / Foggy Bottom,W20867,Registered"
"719125,3/30/2016 19:31,3/30/2016 19:43,31228,8th & H St NW,31616,3rd & H St NE,W21773,Registered"
"867622,3/30/2016 19:30,3/30/2016 19:45,31102,11th & Kenyon St NW,31266,11th & M St NW,W00677,Casual"
"1448780,3/30/2016 19:25,3/30/2016 19:49,31215,Georgetown Harbor / 30th St NW,31603,1st & M St NE,W20567,Registered"
"496255,3/30/2016 19:22,3/30/2016 19:30,31301,Ward Circle / American University,31303,Tenleytown / Wisconsin Ave & Albemarle St NW,W20788,Registered"
"232170,3/30/2016 19:20,3/30/2016 19:24,31263,10th & K St NW,31274,MLK Library/9th & G St NW,W21434,Registered"
"3251447,3/30/2016 19:06,3/30/2016 20:00,31249,Jefferson Memorial,31277,17th & G St NW,W00264,Registered"
"938835,3/30/2016 19:04,3/30/2016 19:19,31605,3rd & D St SE,31281,8th & O St NW,W00664,Registered"
"605408,3/30/2016 19:04,3/30/2016 19:15,32014,Friendship Hts Metro/Wisconsin Ave & Wisconsin Cir,31310,Connecticut & Nebraska Ave NW,W21365,Registered"
"1125540,3/30/2016 19:02,3/30/2016 19:21,31246,M St & Pennsylvania Ave NW,31271,Constitution Ave & 2nd St NW/DOL,W20296,Registered"
"414214,3/30/2016 19:01,3/30/2016 19:08,31623,Columbus Circle / Union Station,31611,13th & H St NE,W00054,Registered"
"844527,3/30/2016 18:58,3/30/2016 19:13,31600,5th & K St NW,31512,Neal St & Trinidad Ave NE,W21730,Registered"
"284929,3/30/2016 18:57,3/30/2016 19:02,31202,14th & R St NW,31241,Thomas Circle,W20709,Registered"
"806641,3/30/2016 18:55,3/30/2016 19:08,31104,Adams Mill & Columbia Rd NW,31224,19th & L St NW,W20289,Registered"
"150855,3/30/2016 18:55,3/30/2016 18:58,31801,Anacostia Metro,31807,Pleasant St & MLK Ave SE,W00968,Registered"
"184980,3/30/2016 18:44,3/30/2016 18:47,31104,Adams Mill & Columbia Rd NW,31121,Calvert St & Woodley Pl NW,W20479,Registered"
"683679,3/30/2016 18:42,3/30/2016 18:53,31623,Columbus Circle / Union Station,31617,Bladensburg Rd & Benning Rd NE,W00658,Registered"
"5123418,3/30/2016 18:39,3/30/2016 20:05,31211,Kennedy Center,31201,15th & P St NW,W21882,Casual"
"3320819,3/30/2016 18:35,3/30/2016 19:31,31015,Rosslyn Metro / Wilson Blvd & Ft Myer Dr,31077,Iwo Jima Memorial/N Meade & 14th St N,W21445,Casual"
"1367768,3/30/2016 18:31,3/30/2016 18:54,31204,20th & E St NW,31272,Washington & Independence Ave SW/HHS,W20205,Registered"
"1078886,3/30/2016 18:31,3/30/2016 18:49,31600,5th & K St NW,31275,New Hampshire Ave & 24th St NW,W20615,Registered"
"236656,3/30/2016 18:30,3/30/2016 18:34,31104,Adams Mill & Columbia Rd NW,31103,16th & Harvard St NW,W21388,Registered"
"326977,3/30/2016 18:28,3/30/2016 18:33,31213,17th & K St NW,31266,11th & M St NW,W01177,Registered"
"995806,3/30/2016 18:25,3/30/2016 18:41,31248,Smithsonian / Jefferson Dr & 12th St SW,31624,North Capitol St & F St NW,W21860,Casual"
"786272,3/30/2016 18:25,3/30/2016 18:38,31240,Ohio Dr & West Basin Dr SW / MLK & FDR Memorials,31249,Jefferson Memorial,W21153,Registered"
"1223544,3/30/2016 18:24,3/30/2016 18:44,31049,Utah St & 11th St N ,31049,Utah St & 11th St N ,W21544,Registered"
"404307,3/30/2016 18:22,3/30/2016 18:29,31408,Takoma Metro,32011,Maple & Ritchie Ave,W21100,Registered"
"748716,3/30/2016 18:22,3/30/2016 18:35,31205,21st & I St NW,31600,5th & K St NW,W00435,Registered"
"1616648,3/30/2016 18:22,3/30/2016 18:49,31122,16th & Irving St NW,31119,14th & Belmont St NW,W20859,Casual"
"386152,3/30/2016 18:20,3/30/2016 18:27,31034,N Randolph St & Fairfax Dr,31092,Lee Hwy & N Nelson St,W00905,Registered"
"457507,3/30/2016 18:19,3/30/2016 18:27,31611,13th & H St NE,31616,3rd & H St NE,W00105,Registered"
"331303,3/30/2016 18:18,3/30/2016 18:23,31110,20th St & Florida Ave NW,31200,Massachusetts Ave & Dupont Circle NW,W20279,Registered"
"1382692,3/30/2016 18:16,3/30/2016 18:39,31200,Massachusetts Ave & Dupont Circle NW,31302,Wisconsin Ave & Newark St NW,W00430,Registered"
"537332,3/30/2016 18:15,3/30/2016 18:24,31233,17th & K St NW / Farragut Square,31202,14th & R St NW,W20212,Registered"
"2679952,3/30/2016 18:10,3/30/2016 18:54,31256,10th & E St NW,31704,Nannie Helen Burroughs & Minnesota Ave NE,W00979,Registered"
"558076,3/30/2016 18:10,3/30/2016 18:19,31247,Jefferson Dr & 14th St SW,31270,8th & D St NW,W21220,Registered"
"526836,3/30/2016 18:09,3/30/2016 18:18,31239,17th & Rhode Island Ave NW,31101,14th & V St NW,W20627,Registered"
"315106,3/30/2016 18:09,3/30/2016 18:14,31010,S Glebe & Potomac Ave,31002,20th & Crystal Dr,W22077,Registered"
"976896,3/30/2016 18:08,3/30/2016 18:24,31604,3rd & H St NW,31109,7th & T St NW,W21030,Registered"
"283149,3/30/2016 18:08,3/30/2016 18:13,31205,21st & I St NW,31237,25th St & Pennsylvania Ave NW,W20888,Registered"
"617103,3/30/2016 18:08,3/30/2016 18:19,31012,26th & S Clark St,31071,Long Bridge Park/Long Bridge Dr & 6th St S,W21530,Registered"
"868313,3/30/2016 18:05,3/30/2016 18:20,31030,Lee Hwy & N Adams St,31236,37th & O St NW / Georgetown University,W20069,Registered"
"154570,3/30/2016 18:00,3/30/2016 18:02,31027,Key Blvd & N Quinn St,31014,Lynn & 19th St North,W21950,Registered"
"931532,3/30/2016 17:58,3/30/2016 18:14,31242,18th St & Pennsylvania Ave NW,31312,Wisconsin Ave & O St NW,W21630,Registered"
"426354,3/30/2016 17:57,3/30/2016 18:05,31117,15th & Euclid St  NW,31104,Adams Mill & Columbia Rd NW,W21398,Registered"
"1394806,3/30/2016 17:56,3/30/2016 18:19,31065,N Pershing Dr & Wayne St,31094,Lee Hwy & N Kirkwood Rd,W20235,Registered"
"1592335,3/30/2016 17:55,3/30/2016 18:22,31242,18th St & Pennsylvania Ave NW,31243,Maryland & Independence Ave SW,W00513,Casual"
"1667575,3/30/2016 17:49,3/30/2016 18:16,31253,19th & K St NW,31228,8th & H St NW,W01413,Registered"
"595885,3/30/2016 17:45,3/30/2016 17:55,31067,Columbia Pike & S Walter Reed Dr,31005,Pentagon City Metro / 12th & S Hayes St,W21717,Registered"
"1356104,3/30/2016 17:45,3/30/2016 18:08,31215,Georgetown Harbor / 30th St NW,31104,Adams Mill & Columbia Rd NW,W21301,Registered"
"1410202,3/30/2016 17:44,3/30/2016 18:08,31257,22nd & I St NW / Foggy Bottom,31513,Rhode Island Ave & V St NE,W20290,Registered"
"469045,3/30/2016 17:44,3/30/2016 17:52,31121,Calvert St & Woodley Pl NW,31117,15th & Euclid St  NW,W22024,Registered"
"321508,3/30/2016 17:43,3/30/2016 17:48,31229,New Hampshire Ave & T St NW,31101,14th & V St NW,W20742,Registered"
"300302,3/30/2016 17:43,3/30/2016 17:48,31612,D St & Maryland Ave NE,31617,Bladensburg Rd & Benning Rd NE,W00665,Registered"
"442685,3/30/2016 17:34,3/30/2016 17:42,31222,New York Ave & 15th St NW,31212,21st & M St NW,w00765,Registered"
"1485591,3/30/2016 17:31,3/30/2016 17:55,31006,S Joyce & Army Navy Dr,31074,TJ Cmty Ctr / 2nd St & S Old Glebe Rd,W22140,Registered"
"510904,3/30/2016 17:31,3/30/2016 17:40,31101,14th & V St NW,31109,7th & T St NW,W00021,Registered"
"1820092,3/30/2016 17:29,3/30/2016 17:59,31089,Court House Metro / 15th & N Uhle St ,31203,14th & Rhode Island Ave NW,W20590,Registered"
"3188204,3/30/2016 17:28,3/30/2016 18:21,31249,Jefferson Memorial,31249,Jefferson Memorial,W20340,Casual"
"308431,3/30/2016 17:27,3/30/2016 17:32,31020,Wilson Blvd & Franklin Rd,31051,Arlington Blvd & N Queen St,W01187,Registered"
"537363,3/30/2016 17:26,3/30/2016 17:35,31261,21st St & Constitution Ave NW,31231,14th & D St NW / Ronald Reagan Building,W20476,Registered"
"238070,3/30/2016 17:24,3/30/2016 17:28,31221,18th & M St NW,31276,15th & L St NW,W21495,Registered"
"486822,3/30/2016 17:24,3/30/2016 17:32,31232,7th & F St NW / National Portrait Gallery,31238,14th & G St NW,W01303,Casual"
"660641,3/30/2016 17:23,3/30/2016 17:34,31121,Calvert St & Woodley Pl NW,31214,17th & Corcoran St NW,W21573,Registered"
"527944,3/30/2016 17:22,3/30/2016 17:31,31217,USDA / 12th & Independence Ave SW,31265,5th St & Massachusetts Ave NW,W20289,Registered"
"912954,3/30/2016 17:19,3/30/2016 17:34,31276,15th & L St NW,31615,6th & H St NE,W00032,Registered"
"219363,3/30/2016 17:13,3/30/2016 17:16,31100,19th St & Pennsylvania Ave NW,31213,17th & K St NW,W00670,Registered"
"447297,3/30/2016 17:11,3/30/2016 17:19,31624,North Capitol St & F St NW,31639,2nd & G St NE,W01330,Registered"
"664553,3/30/2016 17:10,3/30/2016 17:21,31233,17th & K St NW / Farragut Square,31228,8th & H St NW,W20880,Registered"
"276949,3/30/2016 17:07,3/30/2016 17:11,31503,Florida Ave & R St NW,31281,8th & O St NW,W20751,Registered"
"1184502,3/30/2016 17:07,3/30/2016 17:27,31315,McKinley St & Connecticut Ave NW,31301,Ward Circle / American University,W00782,Registered"
"447809,3/30/2016 17:06,3/30/2016 17:14,31243,Maryland & Independence Ave SW,31623,Columbus Circle / Union Station,W00167,Registered"
"7507934,3/30/2016 17:06,3/30/2016 19:12,31232,7th & F St NW / National Portrait Gallery,31232,7th & F St NW / National Portrait Gallery,W22244,Casual"
"492370,3/30/2016 17:05,3/30/2016 17:13,31506,1st & Rhode Island Ave NW,31281,8th & O St NW,W21693,Registered"
"502413,3/30/2016 17:01,3/30/2016 17:10,31612,D St & Maryland Ave NE,31712,Oklahoma Ave & D St NE,W20663,Registered"
"454614,3/30/2016 16:55,3/30/2016 17:02,31628,1st & K St SE,31218,L'Enfant Plaza / 7th & C St SW,W20897,Registered"
"273921,3/30/2016 16:54,3/30/2016 16:58,31600,5th & K St NW,31281,8th & O St NW,W20922,Registered"
"1022167,3/30/2016 16:53,3/30/2016 17:10,31634,3rd & Tingey St SE,31627,M St & Delaware Ave NE,W21127,Registered"
"5960747,3/30/2016 16:53,3/30/2016 18:33,31243,Maryland & Independence Ave SW,31263,10th & K St NW,W20665,Casual"
"489663,3/30/2016 16:51,3/30/2016 16:59,31117,15th & Euclid St  NW,31109,7th & T St NW,W22057,Registered"
"757962,3/30/2016 16:46,3/30/2016 16:58,31634,3rd & Tingey St SE,31623,Columbus Circle / Union Station,W20269,Registered"
"560751,3/30/2016 16:40,3/30/2016 16:49,31252,21st St & Pennsylvania Ave NW,31201,15th & P St NW,W21441,Registered"
"727320,3/30/2016 16:39,3/30/2016 16:51,31103,16th & Harvard St NW,31602,Park Rd & Holmead Pl NW,W21674,Registered"
"313784,3/30/2016 16:35,3/30/2016 16:40,31610,Eastern Market / 7th & North Carolina Ave SE,31616,3rd & H St NE,W20574,Registered"
"2295975,3/30/2016 16:35,3/30/2016 17:14,31015,Rosslyn Metro / Wilson Blvd & Ft Myer Dr,31243,Maryland & Independence Ave SW,W01001,Casual"
"815363,3/30/2016 16:32,3/30/2016 16:45,31049,Utah St & 11th St N ,31023,Fairfax Dr & Wilson Blvd,W21984,Registered"
"1464812,3/30/2016 16:31,3/30/2016 16:55,31271,Constitution Ave & 2nd St NW/DOL,31248,Smithsonian / Jefferson Dr & 12th St SW,W00460,Casual"
"693207,3/30/2016 16:21,3/30/2016 16:33,31200,Massachusetts Ave & Dupont Circle NW,31312,Wisconsin Ave & O St NW,W21735,Casual"
"284152,3/30/2016 16:20,3/30/2016 16:25,31214,17th & Corcoran St NW,31241,Thomas Circle,W00820,Registered"
"2001461,3/30/2016 16:17,3/30/2016 16:51,31231,14th & D St NW / Ronald Reagan Building,31613,Eastern Market Metro / Pennsylvania Ave & 7th St SE,W20715,Casual"
"674807,3/30/2016 16:16,3/30/2016 16:28,31637,North Capitol St & G Pl NE,31238,14th & G St NW,W22206,Registered"
"1089685,3/30/2016 16:15,3/30/2016 16:33,31236,37th & O St NW / Georgetown University,31112,Harvard St & Adams Mill Rd NW,W20643,Registered"
"176798,3/30/2016 16:09,3/30/2016 16:12,32042,Shady Grove Hospital,32041,Medical Center Dr & Key West Ave,W00431,Registered"
"747277,3/30/2016 16:06,3/30/2016 16:19,31300,Van Ness Metro / UDC,31301,Ward Circle / American University,W01420,Registered"
"390824,3/30/2016 15:45,3/30/2016 15:51,31401,14th St & Spring Rd NW,31103,16th & Harvard St NW,W20419,Registered"
"1255986,3/30/2016 15:41,3/30/2016 16:01,31218,L'Enfant Plaza / 7th & C St SW,31623,Columbus Circle / Union Station,W21211,Registered"
"3126305,3/30/2016 15:27,3/30/2016 16:20,31236,37th & O St NW / Georgetown University,31240,Ohio Dr & West Basin Dr SW / MLK & FDR Memorials,W21661,Casual"
"348850,3/30/2016 15:23,3/30/2016 15:28,31221,18th & M St NW,31252,21st St & Pennsylvania Ave NW,W01094,Registered"
"1094413,3/30/2016 15:21,3/30/2016 15:39,31258,Lincoln Memorial,31277,17th & G St NW,W00195,Casual"
"3545013,3/30/2016 15:21,3/30/2016 16:20,32028,Norfolk & Rugby Ave,32028,Norfolk & Rugby Ave,W00518,Casual"
"406519,3/30/2016 15:08,3/30/2016 15:15,31117,15th & Euclid St  NW,31104,Adams Mill & Columbia Rd NW,W21188,Registered"
"1187243,3/30/2016 15:07,3/30/2016 15:27,31601,19th & East Capitol St SE,31628,1st & K St SE,W20095,Registered"
"237518,3/30/2016 15:04,3/30/2016 15:08,31613,Eastern Market Metro / Pennsylvania Ave & 7th St SE,31607,14th & D St SE,W00084,Registered"
"478108,3/30/2016 15:02,3/30/2016 15:10,31264,6th St & Indiana Ave NW,31243,Maryland & Independence Ave SW,W00692,Registered"
"2793214,3/30/2016 14:56,3/30/2016 15:43,31083,Potomac Greens Dr & Slaters Ln,31249,Jefferson Memorial,W22199,Registered"
"1623377,3/30/2016 14:48,3/30/2016 15:15,31248,Smithsonian / Jefferson Dr & 12th St SW,31247,Jefferson Dr & 14th St SW,W21021,Casual"
"503651,3/30/2016 14:40,3/30/2016 14:49,31212,21st & M St NW,31212,21st & M St NW,W20852,Registered"
"1420995,3/30/2016 14:32,3/30/2016 14:56,31708,Anacostia Ave & Benning Rd NE / River Terrace ,31101,14th & V St NW,W00054,Registered"
"3697392,3/30/2016 14:21,3/30/2016 15:23,31225,C & O Canal & Wisconsin Ave NW,31225,C & O Canal & Wisconsin Ave NW,W20457,Casual"
"1225043,3/30/2016 14:17,3/30/2016 14:37,31631,8th & F St NE,31242,18th St & Pennsylvania Ave NW,W20523,Registered"
"1620029,3/30/2016 14:14,3/30/2016 14:41,31219,10th St & Constitution Ave NW,31235,19th St & Constitution Ave NW,W20340,Casual"
"367504,3/30/2016 14:03,3/30/2016 14:09,31212,21st & M St NW,31233,17th & K St NW / Farragut Square,W21491,Registered"
"1790538,3/30/2016 13:56,3/30/2016 14:26,31240,Ohio Dr & West Basin Dr SW / MLK & FDR Memorials,31249,Jefferson Memorial,W20211,Casual"
"966569,3/30/2016 13:55,3/30/2016 14:11,31110,20th St & Florida Ave NW,31277,17th & G St NW,W21810,Casual"
"1679983,3/30/2016 13:54,3/30/2016 14:22,31243,Maryland & Independence Ave SW,31261,21st St & Constitution Ave NW,W21465,Casual"
"344176,3/30/2016 13:45,3/30/2016 13:51,31619,Lincoln Park / 13th & East Capitol St NE ,31613,Eastern Market Metro / Pennsylvania Ave & 7th St SE,W21783,Registered"
"2161592,3/30/2016 13:37,3/30/2016 14:13,32027,Battery Ln & Trolley Trail,32053,Medical Center Metro ,W00020,Registered"
"1332754,3/30/2016 13:21,3/30/2016 13:43,31254,15th & K St NW,31237,25th St & Pennsylvania Ave NW,W01164,Registered"
"1093553,3/30/2016 13:18,3/30/2016 13:36,31247,Jefferson Dr & 14th St SW,31251,12th & L St NW,W20742,Casual"
"227387,3/30/2016 13:18,3/30/2016 13:22,31237,25th St & Pennsylvania Ave NW,31205,21st & I St NW,W21747,Registered"
"169879,3/30/2016 13:15,3/30/2016 13:18,31267,17th St & Massachusetts Ave NW,31200,Massachusetts Ave & Dupont Circle NW,W20641,Registered"
"5391756,3/30/2016 13:15,3/30/2016 14:45,31215,Georgetown Harbor / 30th St NW,31215,Georgetown Harbor / 30th St NW,W22094,Casual"
"308078,3/30/2016 13:14,3/30/2016 13:19,31229,New Hampshire Ave & T St NW,31239,17th & Rhode Island Ave NW,W00763,Registered"
"3219523,3/30/2016 13:13,3/30/2016 14:06,31243,Maryland & Independence Ave SW,31217,USDA / 12th & Independence Ave SW,W21206,Casual"
"1005389,3/30/2016 13:07,3/30/2016 13:24,31249,Jefferson Memorial,31240,Ohio Dr & West Basin Dr SW / MLK & FDR Memorials,W21733,Casual"
"400570,3/30/2016 13:04,3/30/2016 13:10,31216,14th St & New York Ave NW,31228,8th & H St NW,W20950,Registered"
"1259069,3/30/2016 13:01,3/30/2016 13:22,31217,USDA / 12th & Independence Ave SW,31269,3rd St & Pennsylvania Ave SE,W20171,Casual"
"815046,3/30/2016 12:55,3/30/2016 13:09,31101,14th & V St NW,31506,1st & Rhode Island Ave NW,W01036,Registered"
"1073704,3/30/2016 12:47,3/30/2016 13:05,31509,New Jersey Ave & R St NW,31605,3rd & D St SE,W21238,Casual"
"410184,3/30/2016 12:40,3/30/2016 12:47,31632,15th & F St NE,31623,Columbus Circle / Union Station,W21370,Registered"
"132047,3/30/2016 12:37,3/30/2016 12:40,31037,Ballston Metro / N Stuart & 9th St N,31039,N Quincy St & Wilson Blvd,W21599,Registered"
"1507907,3/30/2016 12:35,3/30/2016 13:00,31077,Iwo Jima Memorial/N Meade & 14th St N,31255,24th & N St NW,W20966,Registered"
"362550,3/30/2016 12:31,3/30/2016 12:37,31252,21st St & Pennsylvania Ave NW,31278,18th & R St NW,W21650,Registered"
"405905,3/30/2016 12:23,3/30/2016 12:30,31030,Lee Hwy & N Adams St,31014,Lynn & 19th St North,W00750,Registered"
"187304,3/30/2016 12:20,3/30/2016 12:23,31607,14th & D St SE,31626,15th St & Massachusetts Ave SE,W21207,Registered"
"386791,3/30/2016 12:19,3/30/2016 12:25,31241,Thomas Circle,31228,8th & H St NW,W20791,Registered"
"1739418,3/30/2016 12:18,3/30/2016 12:47,31077,Iwo Jima Memorial/N Meade & 14th St N,31314,34th & Water St NW,W21632,Casual"
"625274,3/30/2016 12:07,3/30/2016 12:17,31259,20th St & Virginia Ave NW,31274,MLK Library/9th & G St NW,W22122,Registered"
"451126,3/30/2016 12:04,3/30/2016 12:11,31275,New Hampshire Ave & 24th St NW,31235,19th St & Constitution Ave NW,W22180,Registered"
"761146,3/30/2016 12:01,3/30/2016 12:14,31255,24th & N St NW,31222,New York Ave & 15th St NW,W01336,Registered"
"3664988,3/30/2016 11:54,3/30/2016 12:55,31248,Smithsonian / Jefferson Dr & 12th St SW,31240,Ohio Dr & West Basin Dr SW / MLK & FDR Memorials,W00683,Casual"
"1062042,3/30/2016 11:52,3/30/2016 12:10,31307,3000 Connecticut Ave NW / National Zoo,31205,21st & I St NW,W00650,Registered"
"11722774,3/30/2016 11:53,3/30/2016 15:08,31243,Maryland & Independence Ave SW,31222,New York Ave & 15th St NW,W00770,Casual"
"7966567,3/30/2016 11:25,3/30/2016 13:37,31248,Smithsonian / Jefferson Dr & 12th St SW,31307,3000 Connecticut Ave NW / National Zoo,W00506,Casual"
"5611745,3/30/2016 11:16,3/30/2016 12:49,31248,Smithsonian / Jefferson Dr & 12th St SW,31247,Jefferson Dr & 14th St SW,W21314,Casual"
"9389658,3/30/2016 11:12,3/30/2016 13:49,31243,Maryland & Independence Ave SW,31243,Maryland & Independence Ave SW,W20501,Casual"
"284100,3/30/2016 10:19,3/30/2016 10:23,31214,17th & Corcoran St NW,31213,17th & K St NW,W00176,Registered"
"368448,3/30/2016 10:17,3/30/2016 10:23,31231,14th & D St NW / Ronald Reagan Building,31277,17th & G St NW,W20729,Registered"
"2344772,3/30/2016 10:14,3/30/2016 10:53,31217,USDA / 12th & Independence Ave SW,31248,Smithsonian / Jefferson Dr & 12th St SW,W21763,Casual"
"1679398,3/30/2016 10:12,3/30/2016 10:40,31200,Massachusetts Ave & Dupont Circle NW,31208,M St & New Jersey Ave SE,W00654,Registered"
"451450,3/30/2016 9:52,3/30/2016 10:00,31003,15th & Crystal Dr,31052,Potomac Ave & 35th St S,W20536,Registered"
"947155,3/30/2016 9:37,3/30/2016 9:53,31238,14th & G St NW,31204,20th & E St NW,W20214,Registered"
"491124,3/30/2016 9:34,3/30/2016 9:42,31513,Rhode Island Ave & V St NE,31623,Columbus Circle / Union Station,W00256,Registered"
"705461,3/30/2016 9:25,3/30/2016 9:37,31604,3rd & H St NW,31628,1st & K St SE,W20204,Registered"
"197888,3/30/2016 9:14,3/30/2016 9:17,31011,23rd & Crystal Dr,31007,Crystal City Metro / 18th & Bell St,W20762,Registered"
"332189,3/30/2016 9:08,3/30/2016 9:14,31600,5th & K St NW,31216,14th St & New York Ave NW,W01253,Registered"
"824721,3/30/2016 8:53,3/30/2016 9:07,31258,Lincoln Memorial,31604,3rd & H St NW,W01233,Registered"
"363153,3/30/2016 8:48,3/30/2016 8:54,31270,8th & D St NW,31238,14th & G St NW,W00172,Registered"
"455686,3/30/2016 8:47,3/30/2016 8:55,31206,19th & E Street NW,31237,25th St & Pennsylvania Ave NW,W20786,Registered"
"1080433,3/30/2016 8:46,3/30/2016 9:04,31605,3rd & D St SE,31274,MLK Library/9th & G St NW,W20720,Registered"
"928931,3/30/2016 8:35,3/30/2016 8:50,31107,Lamont & Mt Pleasant NW,31239,17th & Rhode Island Ave NW,W20627,Registered"
"99286,3/30/2016 8:30,3/30/2016 8:32,31616,3rd & H St NE,31623,Columbus Circle / Union Station,W00170,Registered"
"398505,3/30/2016 8:28,3/30/2016 8:35,31272,Washington & Independence Ave SW/HHS,31605,3rd & D St SE,W20720,Registered"
"344705,3/30/2016 8:25,3/30/2016 8:30,31096,S Walter Reed Dr & 8th St S,31073,Washington Blvd & Walter Reed Dr ,W21424,Registered"
"458707,3/30/2016 8:25,3/30/2016 8:33,32001,Fenton St & New York Ave ,32034,Ripley & Bonifant St,W21005,Registered"
"1449727,3/30/2016 8:24,3/30/2016 8:48,31401,14th St & Spring Rd NW,31604,3rd & H St NW,W20484,Registered"
"518055,3/30/2016 8:23,3/30/2016 8:32,31107,Lamont & Mt Pleasant NW,31101,14th & V St NW,W20750,Registered"
"1430760,3/30/2016 8:22,3/30/2016 8:46,31106,Calvert & Biltmore St NW,31230,Metro Center / 12th & G St NW,W01062,Registered"
"620529,3/30/2016 8:22,3/30/2016 8:32,31251,12th & L St NW,31218,L'Enfant Plaza / 7th & C St SW,W00290,Registered"
"2351542,3/30/2016 8:18,3/30/2016 8:58,31110,20th St & Florida Ave NW,31241,Thomas Circle,W00640,Registered"
"840491,3/30/2016 8:16,3/30/2016 8:30,31107,Lamont & Mt Pleasant NW,31213,17th & K St NW,W20375,Registered"
"800802,3/30/2016 8:11,3/30/2016 8:24,32024,Fenton St & Gist Ave,31407,14th St & Colorado Ave NW,W22095,Registered"
"380676,3/30/2016 8:09,3/30/2016 8:15,31627,M St & Delaware Ave NE,31600,5th & K St NW,W00884,Registered"
"414383,3/30/2016 8:08,3/30/2016 8:15,31620,5th & F St NW,31238,14th & G St NW,W20452,Registered"
"194188,3/30/2016 8:07,3/30/2016 8:11,31051,Arlington Blvd & N Queen St,31015,Rosslyn Metro / Wilson Blvd & Ft Myer Dr,W00186,Registered"
"881827,3/30/2016 8:06,3/30/2016 8:21,31202,14th & R St NW,31624,North Capitol St & F St NW,W22183,Registered"
"469346,3/30/2016 8:04,3/30/2016 8:12,31618,4th & East Capitol St NE,31634,3rd & Tingey St SE,W21277,Registered"
"1030655,3/30/2016 8:02,3/30/2016 8:20,31107,Lamont & Mt Pleasant NW,31216,14th St & New York Ave NW,W00599,Registered"
"229504,3/30/2016 8:01,3/30/2016 8:05,31612,D St & Maryland Ave NE,31623,Columbus Circle / Union Station,W01458,Registered"
"108723,3/30/2016 8:00,3/30/2016 8:02,31004,Aurora Hills Community Ctr/18th & Hayes St,31005,Pentagon City Metro / 12th & S Hayes St,W00011,Registered"
"635327,3/30/2016 7:56,3/30/2016 8:06,31202,14th & R St NW,31228,8th & H St NW,W20865,Registered"
"750609,3/30/2016 7:54,3/30/2016 8:06,31302,Wisconsin Ave & Newark St NW,31301,Ward Circle / American University,W20556,Casual"
"780229,3/30/2016 7:53,3/30/2016 8:06,31302,Wisconsin Ave & Newark St NW,31301,Ward Circle / American University,W01480,Casual"
"186611,3/30/2016 7:54,3/30/2016 7:57,31267,17th St & Massachusetts Ave NW,31233,17th & K St NW / Farragut Square,W21534,Registered"
"780649,3/30/2016 7:51,3/30/2016 8:04,31636,New Jersey Ave & N St NW/Dunbar HS,31200,Massachusetts Ave & Dupont Circle NW,W20397,Registered"
"409614,3/30/2016 7:50,3/30/2016 7:57,31218,L'Enfant Plaza / 7th & C St SW,31231,14th & D St NW / Ronald Reagan Building,W20572,Registered"
"222371,3/30/2016 7:46,3/30/2016 7:50,31282,16th & R St NW,31200,Massachusetts Ave & Dupont Circle NW,W21468,Registered"
"872097,3/30/2016 7:42,3/30/2016 7:56,31101,14th & V St NW,31242,18th St & Pennsylvania Ave NW,W20565,Registered"
"765460,3/30/2016 7:41,3/30/2016 7:54,31120,10th & Florida Ave NW,31600,5th & K St NW,W21847,Registered"
"601239,3/30/2016 7:39,3/30/2016 7:49,31200,Massachusetts Ave & Dupont Circle NW,31101,14th & V St NW,W22243,Registered"
"500075,3/30/2016 7:39,3/30/2016 7:47,31245,7th & R St NW / Shaw Library,31624,North Capitol St & F St NW,W21663,Registered"
"314383,3/30/2016 7:36,3/30/2016 7:41,31215,Georgetown Harbor / 30th St NW,31275,New Hampshire Ave & 24th St NW,W00019,Registered"
"920417,3/30/2016 7:33,3/30/2016 7:49,31104,Adams Mill & Columbia Rd NW,31215,Georgetown Harbor / 30th St NW,W21807,Registered"
"579854,3/30/2016 7:27,3/30/2016 7:37,31623,Columbus Circle / Union Station,31208,M St & New Jersey Ave SE,W20001,Registered"
"254554,3/30/2016 7:28,3/30/2016 7:32,32024,Fenton St & Gist Ave,32034,Ripley & Bonifant St,W20284,Registered"
"153874,3/30/2016 7:24,3/30/2016 7:27,31101,14th & V St NW,31202,14th & R St NW,W21315,Registered"
"276441,3/30/2016 7:22,3/30/2016 7:26,31036,George Mason Dr & Wilson Blvd,31037,Ballston Metro / N Stuart & 9th St N,W21297,Registered"
"284640,3/30/2016 7:18,3/30/2016 7:23,31603,1st & M St NE,31624,North Capitol St & F St NW,W00696,Registered"
"1252226,3/30/2016 7:16,3/30/2016 7:37,31237,25th St & Pennsylvania Ave NW,31240,Ohio Dr & West Basin Dr SW / MLK & FDR Memorials,W00555,Registered"
"271813,3/30/2016 7:11,3/30/2016 7:15,31238,14th & G St NW,31228,8th & H St NW,W21614,Registered"
"881908,3/30/2016 6:26,3/30/2016 6:41,31278,18th & R St NW,31120,10th & Florida Ave NW,W01102,Registered"
"1083927,3/30/2016 6:25,3/30/2016 6:43,31504,10th & Monroe St NE,31271,Constitution Ave & 2nd St NW/DOL,W20782,Registered"
"528116,3/30/2016 6:17,3/30/2016 6:26,31623,Columbus Circle / Union Station,31208,M St & New Jersey Ave SE,W00776,Registered"
"1462453,3/30/2016 6:17,3/30/2016 6:42,31616,3rd & H St NE,31220,US Dept of State / Virginia Ave & 21st St NW,W01194,Registered"
"178280,3/30/2016 6:03,3/30/2016 6:06,31606,Potomac & Pennsylvania Ave SE,31613,Eastern Market Metro / Pennsylvania Ave & 7th St SE,W01006,Registered"
"947139,3/30/2016 6:01,3/30/2016 6:17,31077,Iwo Jima Memorial/N Meade & 14th St N,31236,37th & O St NW / Georgetown University,W20933,Registered"
"874438,3/30/2016 5:38,3/30/2016 5:53,31108,4th & M St SW,31240,Ohio Dr & West Basin Dr SW / MLK & FDR Memorials,W00019,Registered"
"962708,3/30/2016 3:33,3/30/2016 3:49,31020,Wilson Blvd & Franklin Rd,31200,Massachusetts Ave & Dupont Circle NW,W21504,Registered"
"524085,3/29/2016 23:47,3/29/2016 23:55,31100,19th St & Pennsylvania Ave NW,31101,14th & V St NW,W00304,Registered"
"612299,3/29/2016 22:11,3/29/2016 22:21,31505,Eckington Pl & Q St NE,31600,5th & K St NW,W01469,Registered"
"687348,3/29/2016 22:01,3/29/2016 22:13,31013,23rd & Eads St,31091,S Joyce & 16th St S,W20931,Registered"
"391993,3/29/2016 21:48,3/29/2016 21:54,31623,Columbus Circle / Union Station,31612,D St & Maryland Ave NE,W20845,Registered"
"592785,3/29/2016 21:48,3/29/2016 21:58,31247,Jefferson Dr & 14th St SW,31259,20th St & Virginia Ave NW,W21715,Registered"
"1096683,3/29/2016 21:45,3/29/2016 22:03,31232,7th & F St NW / National Portrait Gallery,31609,6th & Water St SW / SW Waterfront,W01498,Registered"
"1086854,3/29/2016 21:36,3/29/2016 21:55,31080,Lee Hwy & N Scott St,31065,N Pershing Dr & Wayne St,W21499,Registered"
"1304642,3/29/2016 21:33,3/29/2016 21:55,31228,8th & H St NW,31114,18th St & Wyoming Ave NW,W20660,Registered"
"350509,3/29/2016 20:59,3/29/2016 21:05,31101,14th & V St NW,31117,15th & Euclid St  NW,W00008,Registered"
"1322779,3/29/2016 20:59,3/29/2016 21:21,31258,Lincoln Memorial,31247,Jefferson Dr & 14th St SW,W00404,Registered"
"266885,3/29/2016 20:46,3/29/2016 20:50,31306,39th & Calvert St NW / Stoddert,31226,34th St & Wisconsin Ave NW,W21561,Registered"
"1132223,3/29/2016 20:37,3/29/2016 20:56,31200,Massachusetts Ave & Dupont Circle NW,31201,15th & P St NW,W21106,Casual"
"364272,3/29/2016 20:10,3/29/2016 20:16,31256,10th & E St NW,31600,5th & K St NW,W21227,Registered"
"677501,3/29/2016 20:07,3/29/2016 20:18,31049,Utah St & 11th St N ,31089,Court House Metro / 15th & N Uhle St ,W20016,Registered"
"1332363,3/29/2016 19:52,3/29/2016 20:14,31314,34th & Water St NW,31112,Harvard St & Adams Mill Rd NW,W01065,Registered"
"997260,3/29/2016 19:44,3/29/2016 20:00,31638,1st & H St NW,31611,13th & H St NE,W21048,Registered"
"475297,3/29/2016 19:34,3/29/2016 19:42,31234,20th & O St NW / Dupont South,31225,C & O Canal & Wisconsin Ave NW,W21208,Registered"
"845433,3/29/2016 19:28,3/29/2016 19:42,31005,Pentagon City Metro / 12th & S Hayes St,31005,Pentagon City Metro / 12th & S Hayes St,W00273,Registered"
"558853,3/29/2016 19:28,3/29/2016 19:37,31637,North Capitol St & G Pl NE,31508,Gallaudet / 8th St & Florida Ave NE,W00012,Registered"
"564830,3/29/2016 19:28,3/29/2016 19:38,31239,17th & Rhode Island Ave NW,31251,12th & L St NW,W20726,Registered"
"254847,3/29/2016 19:23,3/29/2016 19:27,31104,Adams Mill & Columbia Rd NW,31112,Harvard St & Adams Mill Rd NW,W20139,Registered"
"277297,3/29/2016 19:19,3/29/2016 19:23,31015,Rosslyn Metro / Wilson Blvd & Ft Myer Dr,31014,Lynn & 19th St North,W21068,Registered"
"456051,3/29/2016 19:15,3/29/2016 19:23,31230,Metro Center / 12th & G St NW,31263,10th & K St NW,W21015,Casual"
"3355142,3/29/2016 19:14,3/29/2016 20:10,31258,Lincoln Memorial,31258,Lincoln Memorial,W21097,Casual"
"570505,3/29/2016 19:07,3/29/2016 19:17,31042,Market Square / King St & Royal St,31082,Eisenhower Ave & Mill Race Ln,W21326,Registered"
"811500,3/29/2016 18:53,3/29/2016 19:07,32024,Fenton St & Gist Ave,32025,Carroll & Westmoreland Ave,W21586,Registered"
"568852,3/29/2016 18:49,3/29/2016 18:59,31613,Eastern Market Metro / Pennsylvania Ave & 7th St SE,31628,1st & K St SE,W00626,Registered"
"734271,3/29/2016 18:40,3/29/2016 18:52,31121,Calvert St & Woodley Pl NW,31115,Columbia Rd & Georgia Ave NW,W20039,Registered"
"491751,3/29/2016 18:41,3/29/2016 18:49,31238,14th & G St NW,31239,17th & Rhode Island Ave NW,W20924,Registered"
"150069,3/29/2016 18:38,3/29/2016 18:41,31602,Park Rd & Holmead Pl NW,31102,11th & Kenyon St NW,W22122,Registered"
"620945,3/29/2016 18:37,3/29/2016 18:47,31254,15th & K St NW,31229,New Hampshire Ave & T St NW,W00291,Registered"
"321860,3/29/2016 18:35,3/29/2016 18:40,31039,N Quincy St & Wilson Blvd,31069,Pershing & N George Mason Dr,W00913,Registered"
"448530,3/29/2016 18:35,3/29/2016 18:43,31241,Thomas Circle,31214,17th & Corcoran St NW,W00933,Registered"
"845433,3/29/2016 18:34,3/29/2016 18:48,31200,Massachusetts Ave & Dupont Circle NW,31226,34th St & Wisconsin Ave NW,W21919,Registered"
"444501,3/29/2016 18:34,3/29/2016 18:42,31613,Eastern Market Metro / Pennsylvania Ave & 7th St SE,31619,Lincoln Park / 13th & East Capitol St NE ,W01023,Registered"
"1623410,3/29/2016 18:29,3/29/2016 18:56,31237,25th St & Pennsylvania Ave NW,31609,6th & Water St SW / SW Waterfront,W00183,Registered"
"137793,3/29/2016 18:27,3/29/2016 18:29,31275,New Hampshire Ave & 24th St NW,31237,25th St & Pennsylvania Ave NW,W00977,Registered"
"193428,3/29/2016 18:27,3/29/2016 18:30,31623,Columbus Circle / Union Station,31631,8th & F St NE,W20425,Registered"
"355061,3/29/2016 18:24,3/29/2016 18:30,31218,L'Enfant Plaza / 7th & C St SW,31609,6th & Water St SW / SW Waterfront,W00807,Registered"
"446677,3/29/2016 18:23,3/29/2016 18:30,31636,New Jersey Ave & N St NW/Dunbar HS,31202,14th & R St NW,W21656,Registered"
"381140,3/29/2016 18:19,3/29/2016 18:26,31121,Calvert St & Woodley Pl NW,31117,15th & Euclid St  NW,W00770,Registered"
"3012689,3/29/2016 18:15,3/29/2016 19:05,31007,Crystal City Metro / 18th & Bell St,31234,20th & O St NW / Dupont South,W20814,Registered"
"406482,3/29/2016 18:12,3/29/2016 18:19,31203,14th & Rhode Island Ave NW,31213,17th & K St NW,W22065,Registered"
"2503058,3/29/2016 18:11,3/29/2016 18:52,31256,10th & E St NW,31704,Nannie Helen Burroughs & Minnesota Ave NE,W20612,Registered"
"949056,3/29/2016 18:08,3/29/2016 18:24,31300,Van Ness Metro / UDC,31114,18th St & Wyoming Ave NW,W20855,Registered"
"635840,3/29/2016 18:07,3/29/2016 18:18,31639,2nd & G St NE,31628,1st & K St SE,W00281,Registered"
"285915,3/29/2016 18:06,3/29/2016 18:10,31200,Massachusetts Ave & Dupont Circle NW,31229,New Hampshire Ave & T St NW,W00064,Registered"
"1215031,3/29/2016 17:58,3/29/2016 18:18,31014,Lynn & 19th St North,31258,Lincoln Memorial,W22257,Casual"
"1800575,3/29/2016 17:57,3/29/2016 18:27,31241,Thomas Circle,31079,Lee Hwy & N Cleveland St,W00682,Registered"
"676061,3/29/2016 17:56,3/29/2016 18:07,31208,M St & New Jersey Ave SE,31623,Columbus Circle / Union Station,W01240,Registered"
"308019,3/29/2016 17:53,3/29/2016 17:58,31212,21st & M St NW,31200,Massachusetts Ave & Dupont Circle NW,W00149,Registered"
"382015,3/29/2016 17:53,3/29/2016 17:59,31201,15th & P St NW,31266,11th & M St NW,W00212,Registered"
"1010823,3/29/2016 17:51,3/29/2016 18:08,31312,Wisconsin Ave & O St NW,31312,Wisconsin Ave & O St NW,W20335,Casual"
"888234,3/29/2016 17:46,3/29/2016 18:01,31213,17th & K St NW,31280,11th & S St NW,W00843,Registered"
"1283923,3/29/2016 17:45,3/29/2016 18:06,31246,M St & Pennsylvania Ave NW,31110,20th St & Florida Ave NW,W01330,Casual"
"756019,3/29/2016 17:42,3/29/2016 17:54,31241,Thomas Circle,31237,25th St & Pennsylvania Ave NW,W01028,Registered"
"923587,3/29/2016 17:41,3/29/2016 17:56,31603,1st & M St NE,31607,14th & D St SE,W00987,Registered"
"1450903,3/29/2016 17:40,3/29/2016 18:04,31233,17th & K St NW / Farragut Square,31628,1st & K St SE,W01340,Registered"
"165500,3/29/2016 17:39,3/29/2016 17:41,31089,Court House Metro / 15th & N Uhle St ,31051,Arlington Blvd & N Queen St,W20668,Registered"
"402605,3/29/2016 17:37,3/29/2016 17:44,31613,Eastern Market Metro / Pennsylvania Ave & 7th St SE,31619,Lincoln Park / 13th & East Capitol St NE ,W01458,Registered"
"928467,3/29/2016 17:36,3/29/2016 17:52,31234,20th & O St NW / Dupont South,31014,Lynn & 19th St North,W21233,Registered"
"545911,3/29/2016 17:35,3/29/2016 17:44,31119,14th & Belmont St NW,31200,Massachusetts Ave & Dupont Circle NW,W20319,Registered"
"137660,3/29/2016 17:34,3/29/2016 17:36,31110,20th St & Florida Ave NW,31229,New Hampshire Ave & T St NW,W00679,Registered"
"682759,3/29/2016 17:34,3/29/2016 17:46,31235,19th St & Constitution Ave NW,31247,Jefferson Dr & 14th St SW,W21001,Registered"
"589154,3/29/2016 17:34,3/29/2016 17:44,31227,13th St & New York Ave NW,31281,8th & O St NW,W20840,Registered"
"660303,3/29/2016 17:31,3/29/2016 17:42,31304,36th & Calvert St NW / Glover Park,31255,24th & N St NW,W22053,Registered"
"796498,3/29/2016 17:31,3/29/2016 17:45,31089,Court House Metro / 15th & N Uhle St ,31035,N Quincy St & Glebe Rd,W01265,Registered"
"1359304,3/29/2016 17:29,3/29/2016 17:52,31255,24th & N St NW,31509,New Jersey Ave & R St NW,W20862,Registered"
"381585,3/29/2016 17:24,3/29/2016 17:31,31610,Eastern Market / 7th & North Carolina Ave SE,31626,15th St & Massachusetts Ave SE,W20570,Registered"
"482360,3/29/2016 17:24,3/29/2016 17:32,31275,New Hampshire Ave & 24th St NW,31200,Massachusetts Ave & Dupont Circle NW,W21839,Registered"
"3731420,3/29/2016 17:24,3/29/2016 18:27,31253,19th & K St NW,31620,5th & F St NW,W01352,Casual"
"442535,3/29/2016 17:23,3/29/2016 17:30,31636,New Jersey Ave & N St NW/Dunbar HS,31201,15th & P St NW,W00874,Registered"
"974288,3/29/2016 17:20,3/29/2016 17:36,31247,Jefferson Dr & 14th St SW,31264,6th St & Indiana Ave NW,W00685,Casual"
"399393,3/29/2016 17:19,3/29/2016 17:26,31253,19th & K St NW,31246,M St & Pennsylvania Ave NW,W00190,Registered"
"192148,3/29/2016 17:17,3/29/2016 17:20,31100,19th St & Pennsylvania Ave NW,31213,17th & K St NW,W21327,Registered"
"300466,3/29/2016 17:15,3/29/2016 17:20,31624,North Capitol St & F St NW,31620,5th & F St NW,W20269,Registered"
"604602,3/29/2016 17:11,3/29/2016 17:21,31257,22nd & I St NW / Foggy Bottom,31258,Lincoln Memorial,W20142,Registered"
"799326,3/29/2016 17:09,3/29/2016 17:22,31265,5th St & Massachusetts Ave NW,31203,14th & Rhode Island Ave NW,W00866,Registered"
"1664805,3/29/2016 17:06,3/29/2016 17:34,31240,Ohio Dr & West Basin Dr SW / MLK & FDR Memorials,31240,Ohio Dr & West Basin Dr SW / MLK & FDR Memorials,W22085,Casual"
"241194,3/29/2016 17:05,3/29/2016 17:09,31509,New Jersey Ave & R St NW,31636,New Jersey Ave & N St NW/Dunbar HS,W01273,Registered"
"394325,3/29/2016 17:04,3/29/2016 17:11,31272,Washington & Independence Ave SW/HHS,31621,4th & D St NW / Judiciary Square,W00014,Registered"
"920176,3/29/2016 17:02,3/29/2016 17:17,31228,8th & H St NW,31619,Lincoln Park / 13th & East Capitol St NE ,W01309,Registered"
"760874,3/29/2016 17:02,3/29/2016 17:15,31231,14th & D St NW / Ronald Reagan Building,31624,North Capitol St & F St NW,W22207,Registered"
"498357,3/29/2016 16:58,3/29/2016 17:06,31236,37th & O St NW / Georgetown University,31015,Rosslyn Metro / Wilson Blvd & Ft Myer Dr,W20130,Registered"
"379373,3/29/2016 16:54,3/29/2016 17:00,31217,USDA / 12th & Independence Ave SW,31244,4th & E St SW,W00525,Registered"
"221806,3/29/2016 16:49,3/29/2016 16:52,31057,S Four Mile Run Dr & S Shirlington Rd,31060,S Arlington Mill Dr & Campbell Ave,W00353,Registered"
"1481657,3/29/2016 16:45,3/29/2016 17:10,31243,Maryland & Independence Ave SW,31603,1st & M St NE,W21675,Casual"
"2944315,3/29/2016 16:44,3/29/2016 17:33,31270,8th & D St NW,31244,4th & E St SW,W21063,Casual"
"496847,3/29/2016 16:38,3/29/2016 16:46,31625,3rd & G St SE,31616,3rd & H St NE,W21736,Registered"
"279175,3/29/2016 16:29,3/29/2016 16:33,31619,Lincoln Park / 13th & East Capitol St NE ,31611,13th & H St NE,W22151,Registered"
"799899,3/29/2016 16:29,3/29/2016 16:43,31603,1st & M St NE,31216,14th St & New York Ave NW,W00322,Registered"
"655554,3/29/2016 16:27,3/29/2016 16:38,31254,15th & K St NW,31282,16th & R St NW,W22105,Registered"
"267989,3/29/2016 16:26,3/29/2016 16:30,31502,John McCormack Dr & Michigan Ave NE,31511,12th & Irving St NE,W21198,Registered"
"184088,3/29/2016 16:24,3/29/2016 16:27,31267,17th St & Massachusetts Ave NW,31213,17th & K St NW,W21328,Registered"
"958416,3/29/2016 16:18,3/29/2016 16:34,31247,Jefferson Dr & 14th St SW,31244,4th & E St SW,W21730,Casual"
"1075302,3/29/2016 16:17,3/29/2016 16:34,31212,21st & M St NW,31236,37th & O St NW / Georgetown University,W20380,Registered"
"551845,3/29/2016 16:04,3/29/2016 16:14,31269,3rd St & Pennsylvania Ave SE,31626,15th St & Massachusetts Ave SE,W01457,Registered"
"291189,3/29/2016 16:02,3/29/2016 16:07,31234,20th & O St NW / Dupont South,31205,21st & I St NW,W00553,Registered"
"578478,3/29/2016 16:02,3/29/2016 16:12,31218,L'Enfant Plaza / 7th & C St SW,31623,Columbus Circle / Union Station,W01356,Registered"
"497629,3/29/2016 15:57,3/29/2016 16:06,31262,11th & F St NW,31624,North Capitol St & F St NW,W21355,Registered"
"1490481,3/29/2016 15:54,3/29/2016 16:19,31211,Kennedy Center,31624,North Capitol St & F St NW,W00214,Registered"
"492758,3/29/2016 15:46,3/29/2016 15:55,31230,Metro Center / 12th & G St NW,31270,8th & D St NW,W21012,Casual"
"935967,3/29/2016 15:39,3/29/2016 15:55,31122,16th & Irving St NW,31228,8th & H St NW,W01357,Registered"
"2903757,3/29/2016 15:27,3/29/2016 16:15,31238,14th & G St NW,31249,Jefferson Memorial,W21102,Casual"
"660046,3/29/2016 15:24,3/29/2016 15:35,31208,M St & New Jersey Ave SE,31623,Columbus Circle / Union Station,W01145,Registered"
"934184,3/29/2016 15:23,3/29/2016 15:38,31279,19th & G St NW,31116,California St & Florida Ave NW,W20615,Registered"
"1661420,3/29/2016 15:13,3/29/2016 15:41,31633,Independence Ave & L'Enfant Plaza SW/DOE,31258,Lincoln Memorial,W00411,Casual"
"1698062,3/29/2016 15:11,3/29/2016 15:39,31269,3rd St & Pennsylvania Ave SE,31247,Jefferson Dr & 14th St SW,W22158,Casual"
"685897,3/29/2016 15:03,3/29/2016 15:14,31225,C & O Canal & Wisconsin Ave NW,31215,Georgetown Harbor / 30th St NW,W20581,Casual"
"334077,3/29/2016 14:54,3/29/2016 15:00,31606,Potomac & Pennsylvania Ave SE,31626,15th St & Massachusetts Ave SE,W20776,Registered"
"364303,3/29/2016 14:52,3/29/2016 14:58,31097,Saint Asaph & Madison St,31083,Potomac Greens Dr & Slaters Ln,W00463,Registered"
"8688365,3/29/2016 14:50,3/29/2016 17:15,31623,Columbus Circle / Union Station,31258,Lincoln Memorial,W01012,Casual"
"8175279,3/29/2016 14:44,3/29/2016 17:00,31215,Georgetown Harbor / 30th St NW,31247,Jefferson Dr & 14th St SW,W20806,Casual"
"407403,3/29/2016 14:43,3/29/2016 14:50,31119,14th & Belmont St NW,31200,Massachusetts Ave & Dupont Circle NW,W20855,Registered"
"867287,3/29/2016 14:38,3/29/2016 14:52,31627,M St & Delaware Ave NE,31607,14th & D St SE,W21915,Registered"
"1389370,3/29/2016 14:22,3/29/2016 14:45,31230,Metro Center / 12th & G St NW,31077,Iwo Jima Memorial/N Meade & 14th St N,W20112,Registered"
"9323543,3/29/2016 14:12,3/29/2016 16:47,31258,Lincoln Memorial,31204,20th & E St NW,W20684,Casual"
"1589492,3/29/2016 14:08,3/29/2016 14:35,31272,Washington & Independence Ave SW/HHS,31269,3rd St & Pennsylvania Ave SE,W00511,Casual"
"3439854,3/29/2016 14:05,3/29/2016 15:02,31273,Hains Point/Buckeye & Ohio Dr SW,31240,Ohio Dr & West Basin Dr SW / MLK & FDR Memorials,W00750,Casual"
"293989,3/29/2016 13:49,3/29/2016 13:54,31242,18th St & Pennsylvania Ave NW,31242,18th St & Pennsylvania Ave NW,W22145,Registered"
"850446,3/29/2016 13:43,3/29/2016 13:58,31103,16th & Harvard St NW,31254,15th & K St NW,W01023,Registered"
"390862,3/29/2016 13:25,3/29/2016 13:31,31241,Thomas Circle,31229,New Hampshire Ave & T St NW,W00963,Registered"
"1116924,3/29/2016 13:21,3/29/2016 13:40,31636,New Jersey Ave & N St NW/Dunbar HS,31257,22nd & I St NW / Foggy Bottom,W01210,Registered"
"238396,3/29/2016 13:18,3/29/2016 13:22,31612,D St & Maryland Ave NE,31622,13th & D St NE,W20689,Registered"
"462485,3/29/2016 13:10,3/29/2016 13:18,31240,Ohio Dr & West Basin Dr SW / MLK & FDR Memorials,31258,Lincoln Memorial,W00189,Casual"
"1228749,3/29/2016 13:09,3/29/2016 13:29,31249,Jefferson Memorial,31247,Jefferson Dr & 14th St SW,W21238,Casual"
"282725,3/29/2016 13:04,3/29/2016 13:09,31116,California St & Florida Ave NW,31101,14th & V St NW,W00044,Registered"
"2631391,3/29/2016 13:00,3/29/2016 13:44,31256,10th & E St NW,31639,2nd & G St NE,W21052,Casual"
"10789623,3/29/2016 12:36,3/29/2016 15:35,31015,Rosslyn Metro / Wilson Blvd & Ft Myer Dr,31015,Rosslyn Metro / Wilson Blvd & Ft Myer Dr,W01444,Casual"
"851577,3/29/2016 12:31,3/29/2016 12:45,31263,10th & K St NW,31255,24th & N St NW,W20288,Registered"
"1818783,3/29/2016 12:31,3/29/2016 13:02,31201,15th & P St NW,31271,Constitution Ave & 2nd St NW/DOL,W00618,Casual"
"327737,3/29/2016 12:28,3/29/2016 12:33,31214,17th & Corcoran St NW,31101,14th & V St NW,W21131,Registered"
"372315,3/29/2016 12:13,3/29/2016 12:19,31009,27th & Crystal Dr,31007,Crystal City Metro / 18th & Bell St,W00412,Registered"
"920160,3/29/2016 12:04,3/29/2016 12:19,31200,Massachusetts Ave & Dupont Circle NW,31231,14th & D St NW / Ronald Reagan Building,W21041,Registered"
"875058,3/29/2016 11:59,3/29/2016 12:14,31624,North Capitol St & F St NW,31628,1st & K St SE,W21777,Registered"
"1100455,3/29/2016 11:56,3/29/2016 12:14,31246,M St & Pennsylvania Ave NW,31600,5th & K St NW,W00961,Registered"
"433716,3/29/2016 11:51,3/29/2016 11:59,31217,USDA / 12th & Independence Ave SW,31238,14th & G St NW,W20589,Registered"
"963502,3/29/2016 11:39,3/29/2016 11:55,31219,10th St & Constitution Ave NW,31100,19th St & Pennsylvania Ave NW,W20005,Registered"
"1147475,3/29/2016 11:03,3/29/2016 11:22,31610,Eastern Market / 7th & North Carolina Ave SE,31232,7th & F St NW / National Portrait Gallery,W20519,Casual"
"251072,3/29/2016 11:01,3/29/2016 11:05,31241,Thomas Circle,31202,14th & R St NW,W00683,Registered"
"365573,3/29/2016 10:59,3/29/2016 11:05,31110,20th St & Florida Ave NW,31104,Adams Mill & Columbia Rd NW,W00034,Registered"
"518840,3/29/2016 10:46,3/29/2016 10:55,31253,19th & K St NW,31230,Metro Center / 12th & G St NW,W01163,Registered"
"724211,3/29/2016 10:44,3/29/2016 10:56,31200,Massachusetts Ave & Dupont Circle NW,31101,14th & V St NW,W21131,Casual"
"399394,3/29/2016 10:30,3/29/2016 10:37,31238,14th & G St NW,31203,14th & Rhode Island Ave NW,W21092,Registered"
"467290,3/29/2016 10:21,3/29/2016 10:28,31213,17th & K St NW,31274,MLK Library/9th & G St NW,W20001,Registered"
"375681,3/29/2016 10:09,3/29/2016 10:15,31605,3rd & D St SE,31626,15th St & Massachusetts Ave SE,W21806,Registered"
"1039970,3/29/2016 10:09,3/29/2016 10:27,31109,7th & T St NW,31205,21st & I St NW,W21817,Registered"
"1297791,3/29/2016 10:08,3/29/2016 10:29,31109,7th & T St NW,31246,M St & Pennsylvania Ave NW,W20878,Registered"
"2211511,3/29/2016 10:05,3/29/2016 10:42,31254,15th & K St NW,31258,Lincoln Memorial,W20729,Casual"
"622060,3/29/2016 10:02,3/29/2016 10:13,31263,10th & K St NW,31222,New York Ave & 15th St NW,W20631,Casual"
"1016924,3/29/2016 9:59,3/29/2016 10:16,31247,Jefferson Dr & 14th St SW,31238,14th & G St NW,W21092,Casual"
"401433,3/29/2016 9:52,3/29/2016 9:59,31229,New Hampshire Ave & T St NW,31109,7th & T St NW,W00635,Registered"
"518543,3/29/2016 9:46,3/29/2016 9:54,31093,21st St N & N Pierce St,31314,34th & Water St NW,W21264,Registered"
"1003920,3/29/2016 9:39,3/29/2016 9:55,31213,17th & K St NW,31206,19th & E Street NW,W21562,Registered"
"636453,3/29/2016 9:35,3/29/2016 9:45,31121,Calvert St & Woodley Pl NW,31200,Massachusetts Ave & Dupont Circle NW,W21555,Registered"
"402685,3/29/2016 9:18,3/29/2016 9:25,31047,Braddock Rd Metro,31086,Mount Vernon Ave & E Del Ray Ave,W20518,Registered"
"1617174,3/29/2016 8:57,3/29/2016 9:24,31406,14th & Upshur St NW,31220,US Dept of State / Virginia Ave & 21st St NW,W21360,Registered"
"459220,3/29/2016 8:56,3/29/2016 9:04,31281,8th & O St NW,31230,Metro Center / 12th & G St NW,W01464,Registered"
"242058,3/29/2016 8:52,3/29/2016 8:56,31277,17th & G St NW,31204,20th & E St NW,W21088,Registered"
"1445937,3/29/2016 8:52,3/29/2016 9:16,31637,North Capitol St & G Pl NE,31267,17th St & Massachusetts Ave NW,W21031,Registered"
"801574,3/29/2016 8:50,3/29/2016 9:03,31103,16th & Harvard St NW,31109,7th & T St NW,W00348,Registered"
"483989,3/29/2016 8:47,3/29/2016 8:56,31280,11th & S St NW,31250,20th & L St NW,W21065,Registered"
"626752,3/29/2016 8:46,3/29/2016 8:56,31109,7th & T St NW,31270,8th & D St NW,W21878,Casual"
"313518,3/29/2016 8:42,3/29/2016 8:47,31091,S Joyce & 16th St S,31013,23rd & Eads St,W20931,Registered"
"806336,3/29/2016 8:42,3/29/2016 8:56,31625,3rd & G St SE,31230,Metro Center / 12th & G St NW,W00864,Registered"
"1389839,3/29/2016 8:32,3/29/2016 8:55,31079,Lee Hwy & N Cleveland St,31100,19th St & Pennsylvania Ave NW,W21350,Registered"
"460891,3/29/2016 8:31,3/29/2016 8:38,31212,21st & M St NW,31276,15th & L St NW,W21852,Registered"
"781777,3/29/2016 8:30,3/29/2016 8:43,31114,18th St & Wyoming Ave NW,31262,11th & F St NW,W22257,Registered"
"285153,3/29/2016 8:29,3/29/2016 8:34,31103,16th & Harvard St NW,31121,Calvert St & Woodley Pl NW,W20256,Registered"
"2087705,3/29/2016 8:24,3/29/2016 8:59,31215,Georgetown Harbor / 30th St NW,31314,34th & Water St NW,W21842,Casual"
"661390,3/29/2016 8:22,3/29/2016 8:33,31200,Massachusetts Ave & Dupont Circle NW,31236,37th & O St NW / Georgetown University,W21244,Registered"
"1216710,3/29/2016 8:19,3/29/2016 8:39,31626,15th St & Massachusetts Ave SE,31270,8th & D St NW,W00508,Registered"
"735342,3/29/2016 8:18,3/29/2016 8:30,31245,7th & R St NW / Shaw Library,31277,17th & G St NW,W21507,Registered"
"282832,3/29/2016 8:18,3/29/2016 8:23,31803,Good Hope Rd & 14th St SE,31801,Anacostia Metro,W01334,Registered"
"729953,3/29/2016 8:17,3/29/2016 8:29,31282,16th & R St NW,31636,New Jersey Ave & N St NW/Dunbar HS,W00392,Registered"
"249582,3/29/2016 8:16,3/29/2016 8:20,31201,15th & P St NW,31276,15th & L St NW,W21080,Registered"
"1089822,3/29/2016 8:16,3/29/2016 8:34,31086,Mount Vernon Ave & E Del Ray Ave,31007,Crystal City Metro / 18th & Bell St,W21931,Registered"
"504847,3/29/2016 8:16,3/29/2016 8:25,31120,10th & Florida Ave NW,31200,Massachusetts Ave & Dupont Circle NW,W00637,Registered"
"662576,3/29/2016 8:15,3/29/2016 8:26,31611,13th & H St NE,31613,Eastern Market Metro / Pennsylvania Ave & 7th St SE,W21266,Registered"
"395466,3/29/2016 8:13,3/29/2016 8:20,31222,New York Ave & 15th St NW,31250,20th & L St NW,W00704,Registered"
"872083,3/29/2016 8:11,3/29/2016 8:25,31600,5th & K St NW,31235,19th St & Constitution Ave NW,W21242,Registered"
"889285,3/29/2016 8:07,3/29/2016 8:22,31505,Eckington Pl & Q St NE,31263,10th & K St NW,W22136,Registered"
"963488,3/29/2016 8:07,3/29/2016 8:23,31260,23rd & E St NW ,31014,Lynn & 19th St North,W01205,Registered"
"546771,3/29/2016 8:07,3/29/2016 8:16,31628,1st & K St SE,31244,4th & E St SW,W01319,Registered"
"412763,3/29/2016 8:06,3/29/2016 8:13,31234,20th & O St NW / Dupont South,31275,New Hampshire Ave & 24th St NW,W20849,Registered"
"248481,3/29/2016 8:06,3/29/2016 8:10,31505,Eckington Pl & Q St NE,31627,M St & Delaware Ave NE,W00264,Registered"
"865281,3/29/2016 8:00,3/29/2016 8:15,31212,21st & M St NW,31264,6th St & Indiana Ave NW,W21683,Registered"
"644862,3/29/2016 7:56,3/29/2016 8:07,31109,7th & T St NW,31239,17th & Rhode Island Ave NW,W20558,Registered"
"479034,3/29/2016 7:54,3/29/2016 8:02,31503,Florida Ave & R St NW,31202,14th & R St NW,W01394,Registered"
"398506,3/29/2016 7:50,3/29/2016 7:57,31113,Columbia Rd & Belmont St NW,31250,20th & L St NW,W20940,Registered"
"906724,3/29/2016 7:45,3/29/2016 8:01,31624,North Capitol St & F St NW,31212,21st & M St NW,W00794,Registered"
"840368,3/29/2016 7:44,3/29/2016 7:58,31096,S Walter Reed Dr & 8th St S,31026,Washington Blvd & 10th St N,W20205,Registered"
"1459413,3/29/2016 7:42,3/29/2016 8:06,31118,3rd & Elm St NW,31261,21st St & Constitution Ave NW,W22109,Registered"
"1110910,3/29/2016 7:39,3/29/2016 7:58,31404,9th & Upshur St NW,31212,21st & M St NW,W01275,Registered"
"750911,3/29/2016 7:37,3/29/2016 7:49,31109,7th & T St NW,31200,Massachusetts Ave & Dupont Circle NW,W21726,Registered"
"307296,3/29/2016 7:35,3/29/2016 7:40,31266,11th & M St NW,31270,8th & D St NW,W01143,Registered"
"334087,3/29/2016 7:35,3/29/2016 7:41,31603,1st & M St NE,31508,Gallaudet / 8th St & Florida Ave NE,W00302,Registered"
"548059,3/29/2016 7:26,3/29/2016 7:35,31265,5th St & Massachusetts Ave NW,31222,New York Ave & 15th St NW,W00592,Registered"
"703112,3/29/2016 7:18,3/29/2016 7:30,31637,North Capitol St & G Pl NE,31241,Thomas Circle,W21192,Registered"
"707601,3/29/2016 7:17,3/29/2016 7:29,31212,21st & M St NW,31014,Lynn & 19th St North,W00642,Registered"
"739991,3/29/2016 7:07,3/29/2016 7:20,31113,Columbia Rd & Belmont St NW,31257,22nd & I St NW / Foggy Bottom,W20449,Registered"
"404092,3/29/2016 7:06,3/29/2016 7:12,31281,8th & O St NW,31254,15th & K St NW,W00416,Registered"
"339546,3/29/2016 7:03,3/29/2016 7:08,31302,Wisconsin Ave & Newark St NW,31303,Tenleytown / Wisconsin Ave & Albemarle St NW,W00248,Registered"
"432192,3/29/2016 6:57,3/29/2016 7:04,31229,New Hampshire Ave & T St NW,31229,New Hampshire Ave & T St NW,W21080,Registered"
"320556,3/29/2016 6:49,3/29/2016 6:55,31250,20th & L St NW,31214,17th & Corcoran St NW,W21227,Registered"
"1328820,3/29/2016 6:33,3/29/2016 6:55,31030,Lee Hwy & N Adams St,31242,18th St & Pennsylvania Ave NW,W22052,Registered"
"548123,3/29/2016 6:29,3/29/2016 6:38,31622,13th & D St NE,31627,M St & Delaware Ave NE,W01106,Registered"
"324910,3/29/2016 5:54,3/29/2016 6:00,31622,13th & D St NE,31601,19th & East Capitol St SE,W21120,Registered"
"109684,3/29/2016 5:52,3/29/2016 5:54,31241,Thomas Circle,31266,11th & M St NW,W00703,Registered"
"46916103,3/29/2016 3:17,3/29/2016 16:18,31617,Bladensburg Rd & Benning Rd NE,31601,19th & East Capitol St SE,W00922,Casual"
"525560,3/29/2016 0:39,3/29/2016 0:48,31603,1st & M St NE,31617,Bladensburg Rd & Benning Rd NE,W00922,Registered"
"564001,3/29/2016 0:12,3/29/2016 0:21,31204,20th & E St NW,31204,20th & E St NW,W21741,Registered"
"844274,3/28/2016 23:59,3/29/2016 0:13,31233,17th & K St NW / Farragut Square,31623,Columbus Circle / Union Station,W20706,Registered"
"638437,3/28/2016 22:54,3/28/2016 23:05,31250,20th & L St NW,31265,5th St & Massachusetts Ave NW,W01015,Registered"
"1236431,3/28/2016 22:48,3/28/2016 23:08,31105,14th & Harvard St NW,31513,Rhode Island Ave & V St NE,W22219,Registered"
"239539,3/28/2016 22:32,3/28/2016 22:36,31516,Rhode Island Ave Metro,31514,Hamlin & 7th St NE,W20642,Registered"
"632385,3/28/2016 22:09,3/28/2016 22:19,31104,Adams Mill & Columbia Rd NW,31115,Columbia Rd & Georgia Ave NW,W21478,Registered"
"326836,3/28/2016 22:04,3/28/2016 22:09,31200,Massachusetts Ave & Dupont Circle NW,31110,20th St & Florida Ave NW,W00395,Registered"
"2084058,3/28/2016 21:56,3/28/2016 22:31,31241,Thomas Circle,31241,Thomas Circle,W21327,Casual"
"542714,3/28/2016 21:53,3/28/2016 22:03,31404,9th & Upshur St NW,31207,Georgia Ave and Fairmont St NW,W21488,Registered"
"1077882,3/28/2016 21:51,3/28/2016 22:09,31035,N Quincy St & Glebe Rd,31028,N Veitch & Key Blvd,W21830,Registered"
"808271,3/28/2016 20:52,3/28/2016 21:05,31101,14th & V St NW,31516,Rhode Island Ave Metro,W21513,Registered"
"1231814,3/28/2016 20:38,3/28/2016 20:58,31216,14th St & New York Ave NW,31105,14th & Harvard St NW,W20412,Registered"
"1694157,3/28/2016 20:23,3/28/2016 20:51,31246,M St & Pennsylvania Ave NW,31506,1st & Rhode Island Ave NW,W21041,Registered"
"844280,3/28/2016 20:01,3/28/2016 20:15,31222,New York Ave & 15th St NW,31108,4th & M St SW,W01166,Registered"
"1172598,3/28/2016 20:02,3/28/2016 20:21,31216,14th St & New York Ave NW,31105,14th & Harvard St NW,W00194,Registered"
"147078,3/28/2016 19:54,3/28/2016 19:56,31020,Wilson Blvd & Franklin Rd,31022,Clarendon Metro / Wilson Blvd & N Highland St,W01414,Registered"
"314378,3/28/2016 19:48,3/28/2016 19:53,31625,3rd & G St SE,31613,Eastern Market Metro / Pennsylvania Ave & 7th St SE,W21960,Registered"
"1369675,3/28/2016 19:35,3/28/2016 19:58,31612,D St & Maryland Ave NE,31638,1st & H St NW,W21125,Registered"
"714125,3/28/2016 19:27,3/28/2016 19:38,31620,5th & F St NW,31609,6th & Water St SW / SW Waterfront,W01080,Registered"
"1716373,3/28/2016 19:23,3/28/2016 19:51,31262,11th & F St NW,31200,Massachusetts Ave & Dupont Circle NW,W00744,Casual"
"1221983,3/28/2016 19:16,3/28/2016 19:37,31222,New York Ave & 15th St NW,31228,8th & H St NW,W00715,Casual"
"296637,3/28/2016 19:15,3/28/2016 19:20,31601,19th & East Capitol St SE,31712,Oklahoma Ave & D St NE,W21262,Registered"
"1177168,3/28/2016 19:06,3/28/2016 19:26,31014,Lynn & 19th St North,31636,New Jersey Ave & N St NW/Dunbar HS,W20633,Registered"
"674313,3/28/2016 19:06,3/28/2016 19:17,31008,12th & Army Navy Dr,31052,Potomac Ave & 35th St S,W21797,Registered"
"382107,3/28/2016 19:01,3/28/2016 19:08,31400,Georgia & New Hampshire Ave NW,31105,14th & Harvard St NW,W20716,Registered"
"1562067,3/28/2016 18:54,3/28/2016 19:20,31272,Washington & Independence Ave SW/HHS,31013,23rd & Eads St,W21290,Registered"
"807355,3/28/2016 18:50,3/28/2016 19:04,31205,21st & I St NW,31265,5th St & Massachusetts Ave NW,W21480,Registered"
"745229,3/28/2016 18:49,3/28/2016 19:01,31077,Iwo Jima Memorial/N Meade & 14th St N,31020,Wilson Blvd & Franklin Rd,W00913,Registered"
"2798668,3/28/2016 18:45,3/28/2016 19:32,31252,21st St & Pennsylvania Ave NW,31249,Jefferson Memorial,W21719,Casual"
"144753,3/28/2016 18:42,3/28/2016 18:44,31303,Tenleytown / Wisconsin Ave & Albemarle St NW,31303,Tenleytown / Wisconsin Ave & Albemarle St NW,W00128,Registered"
"513451,3/28/2016 18:43,3/28/2016 18:51,31237,25th St & Pennsylvania Ave NW,31266,11th & M St NW,W21202,Registered"
"146582,3/28/2016 18:40,3/28/2016 18:43,31024,Virginia Square Metro / N Monroe St & 9th St N,31025,Central Library / N Quincy St & 10th St N,W01425,Registered"
"1775890,3/28/2016 18:38,3/28/2016 19:08,31200,Massachusetts Ave & Dupont Circle NW,31627,M St & Delaware Ave NE,W00449,Registered"
"382493,3/28/2016 18:39,3/28/2016 18:45,31108,4th & M St SW,31634,3rd & Tingey St SE,W21981,Registered"
"708750,3/28/2016 18:31,3/28/2016 18:43,31231,14th & D St NW / Ronald Reagan Building,31628,1st & K St SE,W21121,Registered"
"324840,3/28/2016 18:26,3/28/2016 18:31,31602,Park Rd & Holmead Pl NW,31406,14th & Upshur St NW,W20599,Registered"
"1319207,3/28/2016 18:26,3/28/2016 18:48,31267,17th St & Massachusetts Ave NW,31249,Jefferson Memorial,W20882,Registered"
"634473,3/28/2016 18:21,3/28/2016 18:32,31206,19th & E Street NW,31229,New Hampshire Ave & T St NW,W21229,Registered"
"375765,3/28/2016 18:12,3/28/2016 18:18,31252,21st St & Pennsylvania Ave NW,31221,18th & M St NW,W20582,Registered"
"731621,3/28/2016 18:12,3/28/2016 18:24,31224,19th & L St NW,31245,7th & R St NW / Shaw Library,W00739,Registered"
"4554191,3/28/2016 18:10,3/28/2016 19:26,31222,New York Ave & 15th St NW,31222,New York Ave & 15th St NW,W01497,Casual"
"719667,3/28/2016 18:08,3/28/2016 18:20,31213,17th & K St NW,31101,14th & V St NW,W00169,Registered"
"1493882,3/28/2016 18:07,3/28/2016 18:32,31257,22nd & I St NW / Foggy Bottom,31628,1st & K St SE,W21580,Registered"
"223014,3/28/2016 17:59,3/28/2016 18:03,31280,11th & S St NW,31241,Thomas Circle,W21121,Registered"
"460472,3/28/2016 17:55,3/28/2016 18:03,31505,Eckington Pl & Q St NE,31623,Columbus Circle / Union Station,W20592,Registered"
"628419,3/28/2016 17:53,3/28/2016 18:04,31242,18th St & Pennsylvania Ave NW,31228,8th & H St NW,W21915,Registered"
"346422,3/28/2016 17:53,3/28/2016 17:59,31087,Monroe Ave & Leslie Ave,31047,Braddock Rd Metro,W21634,Registered"
"1455655,3/28/2016 17:50,3/28/2016 18:14,31603,1st & M St NE,31278,18th & R St NW,W01303,Registered"
"705271,3/28/2016 17:49,3/28/2016 18:01,31250,20th & L St NW,31113,Columbia Rd & Belmont St NW,W22218,Registered"
"801148,3/28/2016 17:48,3/28/2016 18:01,31250,20th & L St NW,31600,5th & K St NW,W00712,Registered"
"631842,3/28/2016 17:48,3/28/2016 17:58,31623,Columbus Circle / Union Station,31613,Eastern Market Metro / Pennsylvania Ave & 7th St SE,W22224,Registered"
"987434,3/28/2016 17:47,3/28/2016 18:04,31100,19th St & Pennsylvania Ave NW,31600,5th & K St NW,W21173,Registered"
"325487,3/28/2016 17:46,3/28/2016 17:51,31607,14th & D St SE,31630,15th & East Capitol St NE,W20210,Registered"
"659167,3/28/2016 17:43,3/28/2016 17:54,31250,20th & L St NW,31280,11th & S St NW,W20000,Registered"
"725888,3/28/2016 17:37,3/28/2016 17:50,31115,Columbia Rd & Georgia Ave NW,31278,18th & R St NW,W21375,Registered"
"380406,3/28/2016 17:34,3/28/2016 17:40,31503,Florida Ave & R St NW,31202,14th & R St NW,W21831,Registered"
"2060608,3/28/2016 17:32,3/28/2016 18:06,31247,Jefferson Dr & 14th St SW,31603,1st & M St NE,W21963,Casual"
"461252,3/28/2016 17:29,3/28/2016 17:37,31256,10th & E St NW,31624,North Capitol St & F St NW,W21978,Registered"
"1279528,3/28/2016 17:27,3/28/2016 17:49,31276,15th & L St NW,31014,Lynn & 19th St North,W01339,Registered"
"1045639,3/28/2016 17:26,3/28/2016 17:43,31015,Rosslyn Metro / Wilson Blvd & Ft Myer Dr,31239,17th & Rhode Island Ave NW,W01104,Registered"
"920514,3/28/2016 17:25,3/28/2016 17:40,31233,17th & K St NW / Farragut Square,31623,Columbus Circle / Union Station,W01357,Registered"
"746893,3/28/2016 17:24,3/28/2016 17:36,31015,Rosslyn Metro / Wilson Blvd & Ft Myer Dr,31312,Wisconsin Ave & O St NW,W20609,Registered"
"665926,3/28/2016 17:19,3/28/2016 17:31,31202,14th & R St NW,31228,8th & H St NW,W21673,Registered"
"655422,3/28/2016 17:15,3/28/2016 17:26,31624,North Capitol St & F St NW,31245,7th & R St NW / Shaw Library,W01313,Registered"
"522007,3/28/2016 17:14,3/28/2016 17:23,31257,22nd & I St NW / Foggy Bottom,31215,Georgetown Harbor / 30th St NW,W22015,Casual"
"1183041,3/28/2016 17:07,3/28/2016 17:26,31276,15th & L St NW,31305,Connecticut Ave & Newark St NW / Cleveland Park,W21018,Registered"
"1659439,3/28/2016 17:07,3/28/2016 17:34,31231,14th & D St NW / Ronald Reagan Building,31009,27th & Crystal Dr,W20619,Registered"
"285494,3/28/2016 17:05,3/28/2016 17:10,31606,Potomac & Pennsylvania Ave SE,31613,Eastern Market Metro / Pennsylvania Ave & 7th St SE,W00935,Registered"
"945278,3/28/2016 17:05,3/28/2016 17:21,31228,8th & H St NW,31619,Lincoln Park / 13th & East Capitol St NE ,W20726,Registered"
"627947,3/28/2016 17:04,3/28/2016 17:14,31216,14th St & New York Ave NW,31637,North Capitol St & G Pl NE,W22238,Registered"
"1578041,3/28/2016 17:02,3/28/2016 17:28,31218,L'Enfant Plaza / 7th & C St SW,31101,14th & V St NW,W00286,Registered"
"964631,3/28/2016 16:58,3/28/2016 17:14,31302,Wisconsin Ave & Newark St NW,32040,Friendship Blvd & Willard Ave,W20774,Registered"
"1349672,3/28/2016 16:55,3/28/2016 17:18,31236,37th & O St NW / Georgetown University,31034,N Randolph St & Fairfax Dr,W00843,Registered"
"729931,3/28/2016 16:53,3/28/2016 17:05,31025,Central Library / N Quincy St & 10th St N,31016,Clarendon Blvd & Pierce St,W01071,Registered"
"713870,3/28/2016 16:51,3/28/2016 17:03,31109,7th & T St NW,31276,15th & L St NW,W01339,Registered"
"893956,3/28/2016 16:47,3/28/2016 17:02,31638,1st & H St NW,31281,8th & O St NW,W21944,Registered"
"313771,3/28/2016 16:41,3/28/2016 16:46,31203,14th & Rhode Island Ave NW,31221,18th & M St NW,W00891,"
